endpoint,params,timestamp,row_count
2000/sf1/state,P013001;P012020;P012021;P012022;P012023;P012024;P012025;P012044;P012045;P012046;P012047;P012048;P012049;P001001;P004006;P004002;H004003;H004001;P004005,2026-08-19 00:39:05.7479,931
2000/sf1/county,P013001;P012020;P012021;P012022;P012023;P012024;P012025;P012044;P012045;P012046;P012047;P012048;P012049;P001001;P004006;P004002;H004003;H004001;P004005,2026-08-19 00:39:17.46864,59071
2000/sf1/tract,state=01; vars=P013001;P012020;P012021;P012022;P012023;P012024;P012025;P012044;P012045;P012046;P012047;P012048;P012049;P001001;P004006;P004002;H004003;H004001;P004005,2026-08-19 00:39:18.309028,20539
2000/sf1/tract,state=04; vars=P013001;P012020;P012021;P012022;P012023;P012024;P012025;P012044;P012045;P012046;P012047;P012048;P012049;P001001;P004006;P004002;H004003;H004001;P004005,2026-08-19 00:39:19.319861,21033
2000/sf1/tract,state=05; vars=P013001;P012020;P012021;P012022;P012023;P012024;P012025;P012044;P012045;P012046;P012047;P012048;P012049;P001001;P004006;P004002;H004003;H004001;P004005,2026-08-19 00:39:20.308363,11856
2000/sf1/tract,state=06; vars=P013001;P012020;P012021;P012022;P012023;P012024;P012025;P012044;P012045;P012046;P012047;P012048;P012049;P001001;P004006;P004002;H004003;H004001;P004005,2026-08-19 00:39:24.346512,133931
2000/sf1/tract,state=08; vars=P013001;P012020;P012021;P012022;P012023;P012024;P012025;P012044;P012045;P012046;P012047;P012048;P012049;P001001;P004006;P004002;H004003;H004001;P004005,2026-08-19 00:39:25.485905,20178
2000/sf1/tract,state=09; vars=P013001;P012020;P012021;P012022;P012023;P012024;P012025;P012044;P012045;P012046;P012047;P012048;P012049;P001001;P004006;P004002;H004003;H004001;P004005,2026-08-19 00:39:26.462339,15561
2000/sf1/tract,state=10; vars=P013001;P012020;P012021;P012022;P012023;P012024;P012025;P012044;P012045;P012046;P012047;P012048;P012049;P001001;P004006;P004002;H004003;H004001;P004005,2026-08-19 00:39:27.150128,3743
2000/sf1/tract,state=11; vars=P013001;P012020;P012021;P012022;P012023;P012024;P012025;P012044;P012045;P012046;P012047;P012048;P012049;P001001;P004006;P004002;H004003;H004001;P004005,2026-08-19 00:39:28.508313,3572
2000/sf1/tract,state=12; vars=P013001;P012020;P012021;P012022;P012023;P012024;P012025;P012044;P012045;P012046;P012047;P012048;P012049;P001001;P004006;P004002;H004003;H004001;P004005,2026-08-19 00:39:31.689,59926
2000/sf1/tract,state=13; vars=P013001;P012020;P012021;P012022;P012023;P012024;P012025;P012044;P012045;P012046;P012047;P012048;P012049;P001001;P004006;P004002;H004003;H004001;P004005,2026-08-19 00:39:32.99417,30742
2000/sf1/tract,state=16; vars=P013001;P012020;P012021;P012022;P012023;P012024;P012025;P012044;P012045;P012046;P012047;P012048;P012049;P001001;P004006;P004002;H004003;H004001;P004005,2026-08-19 00:39:34.0625,5320
2000/sf1/tract,state=17; vars=P013001;P012020;P012021;P012022;P012023;P012024;P012025;P012044;P012045;P012046;P012047;P012048;P012049;P001001;P004006;P004002;H004003;H004001;P004005,2026-08-19 00:39:36.493952,56354
2000/sf1/tract,state=18; vars=P013001;P012020;P012021;P012022;P012023;P012024;P012025;P012044;P012045;P012046;P012047;P012048;P012049;P001001;P004006;P004002;H004003;H004001;P004005,2026-08-19 00:39:37.473516,26866
2000/sf1/tract,state=19; vars=P013001;P012020;P012021;P012022;P012023;P012024;P012025;P012044;P012045;P012046;P012047;P012048;P012049;P001001;P004006;P004002;H004003;H004001;P004005,2026-08-19 00:39:38.551113,15067
2000/sf1/tract,state=20; vars=P013001;P012020;P012021;P012022;P012023;P012024;P012025;P012044;P012045;P012046;P012047;P012048;P012049;P001001;P004006;P004002;H004003;H004001;P004005,2026-08-19 00:39:39.650666,13813
2000/sf1/tract,state=21; vars=P013001;P012020;P012021;P012022;P012023;P012024;P012025;P012044;P012045;P012046;P012047;P012048;P012049;P001001;P004006;P004002;H004003;H004001;P004005,2026-08-19 00:39:40.617024,18886
2000/sf1/tract,state=22; vars=P013001;P012020;P012021;P012022;P012023;P012024;P012025;P012044;P012045;P012046;P012047;P012048;P012049;P001001;P004006;P004002;H004003;H004001;P004005,2026-08-19 00:39:42.007508,21014
2000/sf1/tract,state=23; vars=P013001;P012020;P012021;P012022;P012023;P012024;P012025;P012044;P012045;P012046;P012047;P012048;P012049;P001001;P004006;P004002;H004003;H004001;P004005,2026-08-19 00:39:42.69768,6612
2000/sf1/tract,state=24; vars=P013001;P012020;P012021;P012022;P012023;P012024;P012025;P012044;P012045;P012046;P012047;P012048;P012049;P001001;P004006;P004002;H004003;H004001;P004005,2026-08-19 00:39:43.838061,23142
2000/sf1/tract,state=25; vars=P013001;P012020;P012021;P012022;P012023;P012024;P012025;P012044;P012045;P012046;P012047;P012048;P012049;P001001;P004006;P004002;H004003;H004001;P004005,2026-08-19 00:39:44.881074,25973
2000/sf1/tract,state=26; vars=P013001;P012020;P012021;P012022;P012023;P012024;P012025;P012044;P012045;P012046;P012047;P012048;P012049;P001001;P004006;P004002;H004003;H004001;P004005,2026-08-19 00:39:46.915986,52383
2000/sf1/tract,state=27; vars=P013001;P012020;P012021;P012022;P012023;P012024;P012025;P012044;P012045;P012046;P012047;P012048;P012049;P001001;P004006;P004002;H004003;H004001;P004005,2026-08-19 00:39:48.116187,24757
2000/sf1/tract,state=28; vars=P013001;P012020;P012021;P012022;P012023;P012024;P012025;P012044;P012045;P012046;P012047;P012048;P012049;P001001;P004006;P004002;H004003;H004001;P004005,2026-08-19 00:39:55.445994,11495
2000/sf1/tract,state=29; vars=P013001;P012020;P012021;P012022;P012023;P012024;P012025;P012044;P012045;P012046;P012047;P012048;P012049;P001001;P004006;P004002;H004003;H004001;P004005,2026-08-19 00:39:56.945763,25080
2000/sf1/tract,state=30; vars=P013001;P012020;P012021;P012022;P012023;P012024;P012025;P012044;P012045;P012046;P012047;P012048;P012049;P001001;P004006;P004002;H004003;H004001;P004005,2026-08-19 00:39:57.569575,5130
2000/sf1/tract,state=31; vars=P013001;P012020;P012021;P012022;P012023;P012024;P012025;P012044;P012045;P012046;P012047;P012048;P012049;P001001;P004006;P004002;H004003;H004001;P004005,2026-08-19 00:39:58.307715,9557
2000/sf1/tract,state=32; vars=P013001;P012020;P012021;P012022;P012023;P012024;P012025;P012044;P012045;P012046;P012047;P012048;P012049;P001001;P004006;P004002;H004003;H004001;P004005,2026-08-19 00:39:59.022089,9253
2000/sf1/tract,state=33; vars=P013001;P012020;P012021;P012022;P012023;P012024;P012025;P012044;P012045;P012046;P012047;P012048;P012049;P001001;P004006;P004002;H004003;H004001;P004005,2026-08-19 00:39:59.689518,5187
2000/sf1/tract,state=34; vars=P013001;P012020;P012021;P012022;P012023;P012024;P012025;P012044;P012045;P012046;P012047;P012048;P012049;P001001;P004006;P004002;H004003;H004001;P004005,2026-08-19 00:40:01.051585,37050
2000/sf1/tract,state=35; vars=P013001;P012020;P012021;P012022;P012023;P012024;P012025;P012044;P012045;P012046;P012047;P012048;P012049;P001001;P004006;P004002;H004003;H004001;P004005,2026-08-19 00:40:02.488476,8664
2000/sf1/tract,state=36; vars=P013001;P012020;P012021;P012022;P012023;P012024;P012025;P012044;P012045;P012046;P012047;P012048;P012049;P001001;P004006;P004002;H004003;H004001;P004005,2026-08-19 00:40:05.539181,93233
2000/sf1/tract,state=37; vars=P013001;P012020;P012021;P012022;P012023;P012024;P012025;P012044;P012045;P012046;P012047;P012048;P012049;P001001;P004006;P004002;H004003;H004001;P004005,2026-08-19 00:40:06.916412,29697
2000/sf1/tract,state=38; vars=P013001;P012020;P012021;P012022;P012023;P012024;P012025;P012044;P012045;P012046;P012047;P012048;P012049;P001001;P004006;P004002;H004003;H004001;P004005,2026-08-19 00:40:07.675607,4313
2000/sf1/tract,state=39; vars=P013001;P012020;P012021;P012022;P012023;P012024;P012025;P012044;P012045;P012046;P012047;P012048;P012049;P001001;P004006;P004002;H004003;H004001;P004005,2026-08-19 00:40:09.963241,55879
2000/sf1/tract,state=40; vars=P013001;P012020;P012021;P012022;P012023;P012024;P012025;P012044;P012045;P012046;P012047;P012048;P012049;P001001;P004006;P004002;H004003;H004001;P004005,2026-08-19 00:40:11.219242,18810
2000/sf1/tract,state=41; vars=P013001;P012020;P012021;P012022;P012023;P012024;P012025;P012044;P012045;P012046;P012047;P012048;P012049;P001001;P004006;P004002;H004003;H004001;P004005,2026-08-19 00:40:12.189315,14345
2000/sf1/tract,state=42; vars=P013001;P012020;P012021;P012022;P012023;P012024;P012025;P012044;P012045;P012046;P012047;P012048;P012049;P001001;P004006;P004002;H004003;H004001;P004005,2026-08-19 00:40:14.594551,59565
2000/sf1/tract,state=44; vars=P013001;P012020;P012021;P012022;P012023;P012024;P012025;P012044;P012045;P012046;P012047;P012048;P012049;P001001;P004006;P004002;H004003;H004001;P004005,2026-08-19 00:40:15.232863,4446
2000/sf1/tract,state=45; vars=P013001;P012020;P012021;P012022;P012023;P012024;P012025;P012044;P012045;P012046;P012047;P012048;P012049;P001001;P004006;P004002;H004003;H004001;P004005,2026-08-19 00:40:16.271823,16473
2000/sf1/tract,state=46; vars=P013001;P012020;P012021;P012022;P012023;P012024;P012025;P012044;P012045;P012046;P012047;P012048;P012049;P001001;P004006;P004002;H004003;H004001;P004005,2026-08-19 00:40:17.11532,4465
2000/sf1/tract,state=47; vars=P013001;P012020;P012021;P012022;P012023;P012024;P012025;P012044;P012045;P012046;P012047;P012048;P012049;P001001;P004006;P004002;H004003;H004001;P004005,2026-08-19 00:40:18.381525,23959
2000/sf1/tract,state=48; vars=P013001;P012020;P012021;P012022;P012023;P012024;P012025;P012044;P012045;P012046;P012047;P012048;P012049;P001001;P004006;P004002;H004003;H004001;P004005,2026-08-19 00:40:22.099496,83372
2000/sf1/tract,state=49; vars=P013001;P012020;P012021;P012022;P012023;P012024;P012025;P012044;P012045;P012046;P012047;P012048;P012049;P001001;P004006;P004002;H004003;H004001;P004005,2026-08-19 00:40:22.977347,9424
2000/sf1/tract,state=50; vars=P013001;P012020;P012021;P012022;P012023;P012024;P012025;P012044;P012045;P012046;P012047;P012048;P012049;P001001;P004006;P004002;H004003;H004001;P004005,2026-08-19 00:40:23.618278,3401
2000/sf1/tract,state=51; vars=P013001;P012020;P012021;P012022;P012023;P012024;P012025;P012044;P012045;P012046;P012047;P012048;P012049;P001001;P004006;P004002;H004003;H004001;P004005,2026-08-19 00:40:25.199957,29279
2000/sf1/tract,state=53; vars=P013001;P012020;P012021;P012022;P012023;P012024;P012025;P012044;P012045;P012046;P012047;P012048;P012049;P001001;P004006;P004002;H004003;H004001;P004005,2026-08-19 00:40:26.467138,25042
2000/sf1/tract,state=54; vars=P013001;P012020;P012021;P012022;P012023;P012024;P012025;P012044;P012045;P012046;P012047;P012048;P012049;P001001;P004006;P004002;H004003;H004001;P004005,2026-08-19 00:40:27.274545,8854
2000/sf1/tract,state=55; vars=P013001;P012020;P012021;P012022;P012023;P012024;P012025;P012044;P012045;P012046;P012047;P012048;P012049;P001001;P004006;P004002;H004003;H004001;P004005,2026-08-19 00:40:28.708047,25327
2000/sf1/tract,state=56; vars=P013001;P012020;P012021;P012022;P012023;P012024;P012025;P012044;P012045;P012046;P012047;P012048;P012049;P001001;P004006;P004002;H004003;H004001;P004005,2026-08-19 00:40:29.298129,2413
2000/sf1/zcta,P013001;P012020;P012021;P012022;P012023;P012024;P012025;P012044;P012045;P012046;P012047;P012048;P012049;P001001;P004006;P004002;H004003;H004001;P004005,2026-08-19 00:40:39.25842,600039
2000/sf1/blockgroup,state=01; vars=P013001;P012020;P012021;P012022;P012023;P012024;P012025;P012044;P012045;P012046;P012047;P012048;P012049;P001001;P004006;P004002;H004003;H004001;P004005,2026-08-19 00:40:41.201539,63251
2000/sf1/blockgroup,state=04; vars=P013001;P012020;P012021;P012022;P012023;P012024;P012025;P012044;P012045;P012046;P012047;P012048;P012049;P001001;P004006;P004002;H004003;H004001;P004005,2026-08-19 00:40:43.379263,67830
2000/sf1/blockgroup,state=05; vars=P013001;P012020;P012021;P012022;P012023;P012024;P012025;P012044;P012045;P012046;P012047;P012048;P012049;P001001;P004006;P004002;H004003;H004001;P004005,2026-08-19 00:40:45.639059,40565
2000/sf1/blockgroup,state=06; vars=P013001;P012020;P012021;P012022;P012023;P012024;P012025;P012044;P012045;P012046;P012047;P012048;P012049;P001001;P004006;P004002;H004003;H004001;P004005,2026-08-19 00:40:52.779014,420527
2000/sf1/blockgroup,state=08; vars=P013001;P012020;P012021;P012022;P012023;P012024;P012025;P012044;P012045;P012046;P012047;P012048;P012049;P001001;P004006;P004002;H004003;H004001;P004005,2026-08-19 00:40:54.984518,62282
2000/sf1/blockgroup,state=09; vars=P013001;P012020;P012021;P012022;P012023;P012024;P012025;P012044;P012045;P012046;P012047;P012048;P012049;P001001;P004006;P004002;H004003;H004001;P004005,2026-08-19 00:40:56.274188,49780
2000/sf1/blockgroup,state=10; vars=P013001;P012020;P012021;P012022;P012023;P012024;P012025;P012044;P012045;P012046;P012047;P012048;P012049;P001001;P004006;P004002;H004003;H004001;P004005,2026-08-19 00:40:57.100017,9538
2000/sf1/blockgroup,state=11; vars=P013001;P012020;P012021;P012022;P012023;P012024;P012025;P012044;P012045;P012046;P012047;P012048;P012049;P001001;P004006;P004002;H004003;H004001;P004005,2026-08-19 00:40:57.898617,8227
2000/sf1/blockgroup,state=12; vars=P013001;P012020;P012021;P012022;P012023;P012024;P012025;P012044;P012045;P012046;P012047;P012048;P012049;P001001;P004006;P004002;H004003;H004001;P004005,2026-08-19 00:41:02.571318,173128
2000/sf1/blockgroup,state=13; vars=P013001;P012020;P012021;P012022;P012023;P012024;P012025;P012044;P012045;P012046;P012047;P012048;P012049;P001001;P004006;P004002;H004003;H004001;P004005,2026-08-19 00:41:07.096349,90972
2000/sf1/blockgroup,state=16; vars=P013001;P012020;P012021;P012022;P012023;P012024;P012025;P012044;P012045;P012046;P012047;P012048;P012049;P001001;P004006;P004002;H004003;H004001;P004005,2026-08-19 00:41:08.337673,18126
2000/sf1/blockgroup,state=17; vars=P013001;P012020;P012021;P012022;P012023;P012024;P012025;P012044;P012045;P012046;P012047;P012048;P012049;P001001;P004006;P004002;H004003;H004001;P004005,2026-08-19 00:41:12.861752,187017
2000/sf1/blockgroup,state=18; vars=P013001;P012020;P012021;P012022;P012023;P012024;P012025;P012044;P012045;P012046;P012047;P012048;P012049;P001001;P004006;P004002;H004003;H004001;P004005,2026-08-19 00:41:15.731702,91162
2000/sf1/blockgroup,state=19; vars=P013001;P012020;P012021;P012022;P012023;P012024;P012025;P012044;P012045;P012046;P012047;P012048;P012049;P001001;P004006;P004002;H004003;H004001;P004005,2026-08-19 00:41:18.000947,50046
2000/sf1/blockgroup,state=20; vars=P013001;P012020;P012021;P012022;P012023;P012024;P012025;P012044;P012045;P012046;P012047;P012048;P012049;P001001;P004006;P004002;H004003;H004001;P004005,2026-08-19 00:41:20.294282,43681
2000/sf1/blockgroup,state=21; vars=P013001;P012020;P012021;P012022;P012023;P012024;P012025;P012044;P012045;P012046;P012047;P012048;P012049;P001001;P004006;P004002;H004003;H004001;P004005,2026-08-19 00:41:22.94662,59983
2000/sf1/blockgroup,state=22; vars=P013001;P012020;P012021;P012022;P012023;P012024;P012025;P012044;P012045;P012046;P012047;P012048;P012049;P001001;P004006;P004002;H004003;H004001;P004005,2026-08-19 00:41:25.172861,66671
2000/sf1/blockgroup,state=23; vars=P013001;P012020;P012021;P012022;P012023;P012024;P012025;P012044;P012045;P012046;P012047;P012048;P012049;P001001;P004006;P004002;H004003;H004001;P004005,2026-08-19 00:41:26.355784,21717
2000/sf1/blockgroup,state=24; vars=P013001;P012020;P012021;P012022;P012023;P012024;P012025;P012044;P012045;P012046;P012047;P012048;P012049;P001001;P004006;P004002;H004003;H004001;P004005,2026-08-19 00:41:28.271571,69882
2000/sf1/blockgroup,state=25; vars=P013001;P012020;P012021;P012022;P012023;P012024;P012025;P012044;P012045;P012046;P012047;P012048;P012049;P001001;P004006;P004002;H004003;H004001;P004005,2026-08-19 00:41:30.263792,96007
2000/sf1/blockgroup,state=26; vars=P013001;P012020;P012021;P012022;P012023;P012024;P012025;P012044;P012045;P012046;P012047;P012048;P012049;P001001;P004006;P004002;H004003;H004001;P004005,2026-08-19 00:41:34.683544,160550
2000/sf1/blockgroup,state=27; vars=P013001;P012020;P012021;P012022;P012023;P012024;P012025;P012044;P012045;P012046;P012047;P012048;P012049;P001001;P004006;P004002;H004003;H004001;P004005,2026-08-19 00:41:37.013718,77558
2000/sf1/blockgroup,state=28; vars=P013001;P012020;P012021;P012022;P012023;P012024;P012025;P012044;P012045;P012046;P012047;P012048;P012049;P001001;P004006;P004002;H004003;H004001;P004005,2026-08-19 00:41:38.964144,40812
2000/sf1/blockgroup,state=29; vars=P013001;P012020;P012021;P012022;P012023;P012024;P012025;P012044;P012045;P012046;P012047;P012048;P012049;P001001;P004006;P004002;H004003;H004001;P004005,2026-08-19 00:41:42.558615,86260
2000/sf1/blockgroup,state=30; vars=P013001;P012020;P012021;P012022;P012023;P012024;P012025;P012044;P012045;P012046;P012047;P012048;P012049;P001001;P004006;P004002;H004003;H004001;P004005,2026-08-19 00:41:43.962044,16606
2000/sf1/blockgroup,state=31; vars=P013001;P012020;P012021;P012022;P012023;P012024;P012025;P012044;P012045;P012046;P012047;P012048;P012049;P001001;P004006;P004002;H004003;H004001;P004005,2026-08-19 00:41:45.920118,30229
2000/sf1/blockgroup,state=32; vars=P013001;P012020;P012021;P012022;P012023;P012024;P012025;P012044;P012045;P012046;P012047;P012048;P012049;P001001;P004006;P004002;H004003;H004001;P004005,2026-08-19 00:41:47.07682,23655
2000/sf1/blockgroup,state=33; vars=P013001;P012020;P012021;P012022;P012023;P012024;P012025;P012044;P012045;P012046;P012047;P012048;P012049;P001001;P004006;P004002;H004003;H004001;P004005,2026-08-19 00:41:48.19186,16606
2000/sf1/blockgroup,state=34; vars=P013001;P012020;P012021;P012022;P012023;P012024;P012025;P012044;P012045;P012046;P012047;P012048;P012049;P001001;P004006;P004002;H004003;H004001;P004005,2026-08-19 00:41:51.562742,123690
2000/sf1/blockgroup,state=35; vars=P013001;P012020;P012021;P012022;P012023;P012024;P012025;P012044;P012045;P012046;P012047;P012048;P012049;P001001;P004006;P004002;H004003;H004001;P004005,2026-08-19 00:41:52.891822,26847
2000/sf1/blockgroup,state=36; vars=P013001;P012020;P012021;P012022;P012023;P012024;P012025;P012044;P012045;P012046;P012047;P012048;P012049;P001001;P004006;P004002;H004003;H004001;P004005,2026-08-19 00:41:59.166295,286501
2000/sf1/blockgroup,state=37; vars=P013001;P012020;P012021;P012022;P012023;P012024;P012025;P012044;P012045;P012046;P012047;P012048;P012049;P001001;P004006;P004002;H004003;H004001;P004005,2026-08-19 00:42:02.213466,100149
2000/sf1/blockgroup,state=38; vars=P013001;P012020;P012021;P012022;P012023;P012024;P012025;P012044;P012045;P012046;P012047;P012048;P012049;P001001;P004006;P004002;H004003;H004001;P004005,2026-08-19 00:42:03.548396,11970
2000/sf1/blockgroup,state=39; vars=P013001;P012020;P012021;P012022;P012023;P012024;P012025;P012044;P012045;P012046;P012047;P012048;P012049;P001001;P004006;P004002;H004003;H004001;P004005,2026-08-19 00:42:08.658783,177726
2000/sf1/blockgroup,state=40; vars=P013001;P012020;P012021;P012022;P012023;P012024;P012025;P012044;P012045;P012046;P012047;P012048;P012049;P001001;P004006;P004002;H004003;H004001;P004005,2026-08-19 00:42:11.149399,55119
2000/sf1/blockgroup,state=41; vars=P013001;P012020;P012021;P012022;P012023;P012024;P012025;P012044;P012045;P012046;P012047;P012048;P012049;P001001;P004006;P004002;H004003;H004001;P004005,2026-08-19 00:42:12.78769,47310
2000/sf1/blockgroup,state=42; vars=P013001;P012020;P012021;P012022;P012023;P012024;P012025;P012044;P012045;P012046;P012047;P012048;P012049;P001001;P004006;P004002;H004003;H004001;P004005,2026-08-19 00:42:17.223433,197353
2000/sf1/blockgroup,state=44; vars=P013001;P012020;P012021;P012022;P012023;P012024;P012025;P012044;P012045;P012046;P012047;P012048;P012049;P001001;P004006;P004002;H004003;H004001;P004005,2026-08-19 00:42:18.128626,15599
2000/sf1/blockgroup,state=45; vars=P013001;P012020;P012021;P012022;P012023;P012024;P012025;P012044;P012045;P012046;P012047;P012048;P012049;P001001;P004006;P004002;H004003;H004001;P004005,2026-08-19 00:42:20.105067,54321
2000/sf1/blockgroup,state=46; vars=P013001;P012020;P012021;P012022;P012023;P012024;P012025;P012044;P012045;P012046;P012047;P012048;P012049;P001001;P004006;P004002;H004003;H004001;P004005,2026-08-19 00:42:21.52806,13072
2000/sf1/blockgroup,state=47; vars=P013001;P012020;P012021;P012022;P012023;P012024;P012025;P012044;P012045;P012046;P012047;P012048;P012049;P001001;P004006;P004002;H004003;H004001;P004005,2026-08-19 00:42:24.307006,76266
2000/sf1/blockgroup,state=48; vars=P013001;P012020;P012021;P012022;P012023;P012024;P012025;P012044;P012045;P012046;P012047;P012048;P012049;P001001;P004006;P004002;H004003;H004001;P004005,2026-08-19 00:42:30.957239,274797
2000/sf1/blockgroup,state=49; vars=P013001;P012020;P012021;P012022;P012023;P012024;P012025;P012044;P012045;P012046;P012047;P012048;P012049;P001001;P004006;P004002;H004003;H004001;P004005,2026-08-19 00:42:32.455292,28139
2000/sf1/blockgroup,state=50; vars=P013001;P012020;P012021;P012022;P012023;P012024;P012025;P012044;P012045;P012046;P012047;P012048;P012049;P001001;P004006;P004002;H004003;H004001;P004005,2026-08-19 00:42:33.678122,10070
2000/sf1/blockgroup,state=51; vars=P013001;P012020;P012021;P012022;P012023;P012024;P012025;P012044;P012045;P012046;P012047;P012048;P012049;P001001;P004006;P004002;H004003;H004001;P004005,2026-08-19 00:42:37.556885,90231
2000/sf1/blockgroup,state=53; vars=P013001;P012020;P012021;P012022;P012023;P012024;P012025;P012044;P012045;P012046;P012047;P012048;P012049;P001001;P004006;P004002;H004003;H004001;P004005,2026-08-19 00:42:39.83199,91675
2000/sf1/blockgroup,state=54; vars=P013001;P012020;P012021;P012022;P012023;P012024;P012025;P012044;P012045;P012046;P012047;P012048;P012049;P001001;P004006;P004002;H004003;H004001;P004005,2026-08-19 00:42:41.546653,30172
2000/sf1/blockgroup,state=55; vars=P013001;P012020;P012021;P012022;P012023;P012024;P012025;P012044;P012045;P012046;P012047;P012048;P012049;P001001;P004006;P004002;H004003;H004001;P004005,2026-08-19 00:42:45.425755,83372
2000/sf1/blockgroup,state=56; vars=P013001;P012020;P012021;P012022;P012023;P012024;P012025;P012044;P012045;P012046;P012047;P012048;P012049;P001001;P004006;P004002;H004003;H004001;P004005,2026-08-19 00:42:46.516721,7562
2010/sf1/state,P013001;P012020;P012021;P012022;P012023;P012024;P012025;P012044;P012045;P012046;P012047;P012048;P012049;P001001;P005004;P005010;H004004;H004001;P005003,2026-08-19 00:42:47.590612,931
2010/sf1/county,P013001;P012020;P012021;P012022;P012023;P012024;P012025;P012044;P012045;P012046;P012047;P012048;P012049;P001001;P005004;P005010;H004004;H004001;P005003,2026-08-19 00:42:49.149985,59071
2010/sf1/tract,state=01; vars=P013001;P012020;P012021;P012022;P012023;P012024;P012025;P012044;P012045;P012046;P012047;P012048;P012049;P001001;P005004;P005010;H004004;H004001;P005003,2026-08-19 00:42:49.978973,22439
2010/sf1/tract,state=04; vars=P013001;P012020;P012021;P012022;P012023;P012024;P012025;P012044;P012045;P012046;P012047;P012048;P012049;P001001;P005004;P005010;H004004;H004001;P005003,2026-08-19 00:42:50.986752,28994
2010/sf1/tract,state=05; vars=P013001;P012020;P012021;P012022;P012023;P012024;P012025;P012044;P012045;P012046;P012047;P012048;P012049;P001001;P005004;P005010;H004004;H004001;P005003,2026-08-19 00:42:51.673213,13034
2010/sf1/tract,state=06; vars=P013001;P012020;P012021;P012022;P012023;P012024;P012025;P012044;P012045;P012046;P012047;P012048;P012049;P001001;P005004;P005010;H004004;H004001;P005003,2026-08-19 00:42:54.95322,153083
2010/sf1/tract,state=08; vars=P013001;P012020;P012021;P012022;P012023;P012024;P012025;P012044;P012045;P012046;P012047;P012048;P012049;P001001;P005004;P005010;H004004;H004001;P005003,2026-08-19 00:42:55.996637,23731
2010/sf1/tract,state=09; vars=P013001;P012020;P012021;P012022;P012023;P012024;P012025;P012044;P012045;P012046;P012047;P012048;P012049;P001001;P005004;P005010;H004004;H004001;P005003,2026-08-19 00:42:56.728594,15827
2010/sf1/tract,state=10; vars=P013001;P012020;P012021;P012022;P012023;P012024;P012025;P012044;P012045;P012046;P012047;P012048;P012049;P001001;P005004;P005010;H004004;H004001;P005003,2026-08-19 00:42:57.304767,4142
2010/sf1/tract,state=11; vars=P013001;P012020;P012021;P012022;P012023;P012024;P012025;P012044;P012045;P012046;P012047;P012048;P012049;P001001;P005004;P005010;H004004;H004001;P005003,2026-08-19 00:42:57.915014,3401
2010/sf1/tract,state=12; vars=P013001;P012020;P012021;P012022;P012023;P012024;P012025;P012044;P012045;P012046;P012047;P012048;P012049;P001001;P005004;P005010;H004004;H004001;P005003,2026-08-19 00:42:59.889302,80655
2010/sf1/tract,state=13; vars=P013001;P012020;P012021;P012022;P012023;P012024;P012025;P012044;P012045;P012046;P012047;P012048;P012049;P001001;P005004;P005010;H004004;H004001;P005003,2026-08-19 00:43:01.284905,37411
2010/sf1/tract,state=16; vars=P013001;P012020;P012021;P012022;P012023;P012024;P012025;P012044;P012045;P012046;P012047;P012048;P012049;P001001;P005004;P005010;H004004;H004001;P005003,2026-08-19 00:43:01.974021,5662
2010/sf1/tract,state=17; vars=P013001;P012020;P012021;P012022;P012023;P012024;P012025;P012044;P012045;P012046;P012047;P012048;P012049;P001001;P005004;P005010;H004004;H004001;P005003,2026-08-19 00:43:03.414154,59337
2010/sf1/tract,state=18; vars=P013001;P012020;P012021;P012022;P012023;P012024;P012025;P012044;P012045;P012046;P012047;P012048;P012049;P001001;P005004;P005010;H004004;H004001;P005003,2026-08-19 00:43:04.585793,28709
2010/sf1/tract,state=19; vars=P013001;P012020;P012021;P012022;P012023;P012024;P012025;P012044;P012045;P012046;P012047;P012048;P012049;P001001;P005004;P005010;H004004;H004001;P005003,2026-08-19 00:43:05.493606,15675
2010/sf1/tract,state=20; vars=P013001;P012020;P012021;P012022;P012023;P012024;P012025;P012044;P012045;P012046;P012047;P012048;P012049;P001001;P005004;P005010;H004004;H004001;P005003,2026-08-19 00:43:06.197666,14630
2010/sf1/tract,state=21; vars=P013001;P012020;P012021;P012022;P012023;P012024;P012025;P012044;P012045;P012046;P012047;P012048;P012049;P001001;P005004;P005010;H004004;H004001;P005003,2026-08-19 00:43:07.371692,21185
2010/sf1/tract,state=22; vars=P013001;P012020;P012021;P012022;P012023;P012024;P012025;P012044;P012045;P012046;P012047;P012048;P012049;P001001;P005004;P005010;H004004;H004001;P005003,2026-08-19 00:43:08.357112,21812
2010/sf1/tract,state=23; vars=P013001;P012020;P012021;P012022;P012023;P012024;P012025;P012044;P012045;P012046;P012047;P012048;P012049;P001001;P005004;P005010;H004004;H004001;P005003,2026-08-19 00:43:08.969138,6802
2010/sf1/tract,state=24; vars=P013001;P012020;P012021;P012022;P012023;P012024;P012025;P012044;P012045;P012046;P012047;P012048;P012049;P001001;P005004;P005010;H004004;H004001;P005003,2026-08-19 00:43:09.848399,26714
2010/sf1/tract,state=25; vars=P013001;P012020;P012021;P012022;P012023;P012024;P012025;P012044;P012045;P012046;P012047;P012048;P012049;P001001;P005004;P005010;H004004;H004001;P005003,2026-08-19 00:43:11.118829,28082
2010/sf1/tract,state=26; vars=P013001;P012020;P012021;P012022;P012023;P012024;P012025;P012044;P012045;P012046;P012047;P012048;P012049;P001001;P005004;P005010;H004004;H004001;P005003,2026-08-19 00:43:12.432372,53447
2010/sf1/tract,state=27; vars=P013001;P012020;P012021;P012022;P012023;P012024;P012025;P012044;P012045;P012046;P012047;P012048;P012049;P001001;P005004;P005010;H004004;H004001;P005003,2026-08-19 00:43:13.529536,25422
2010/sf1/tract,state=28; vars=P013001;P012020;P012021;P012022;P012023;P012024;P012025;P012044;P012045;P012046;P012047;P012048;P012049;P001001;P005004;P005010;H004004;H004001;P005003,2026-08-19 00:43:14.205409,12616
2010/sf1/tract,state=29; vars=P013001;P012020;P012021;P012022;P012023;P012024;P012025;P012044;P012045;P012046;P012047;P012048;P012049;P001001;P005004;P005010;H004004;H004001;P005003,2026-08-19 00:43:15.091497,26467
2010/sf1/tract,state=30; vars=P013001;P012020;P012021;P012022;P012023;P012024;P012025;P012044;P012045;P012046;P012047;P012048;P012049;P001001;P005004;P005010;H004004;H004001;P005003,2026-08-19 00:43:15.883211,5149
2010/sf1/tract,state=31; vars=P013001;P012020;P012021;P012022;P012023;P012024;P012025;P012044;P012045;P012046;P012047;P012048;P012049;P001001;P005004;P005010;H004004;H004001;P005003,2026-08-19 00:43:16.54277,10108
2010/sf1/tract,state=32; vars=P013001;P012020;P012021;P012022;P012023;P012024;P012025;P012044;P012045;P012046;P012047;P012048;P012049;P001001;P005004;P005010;H004004;H004001;P005003,2026-08-19 00:43:17.20096,13053
2010/sf1/tract,state=33; vars=P013001;P012020;P012021;P012022;P012023;P012024;P012025;P012044;P012045;P012046;P012047;P012048;P012049;P001001;P005004;P005010;H004004;H004001;P005003,2026-08-19 00:43:17.775872,5605
2010/sf1/tract,state=34; vars=P013001;P012020;P012021;P012022;P012023;P012024;P012025;P012044;P012045;P012046;P012047;P012048;P012049;P001001;P005004;P005010;H004004;H004001;P005003,2026-08-19 00:43:18.828754,38190
2010/sf1/tract,state=35; vars=P013001;P012020;P012021;P012022;P012023;P012024;P012025;P012044;P012045;P012046;P012047;P012048;P012049;P001001;P005004;P005010;H004004;H004001;P005003,2026-08-19 00:43:19.60064,9481
2010/sf1/tract,state=36; vars=P013001;P012020;P012021;P012022;P012023;P012024;P012025;P012044;P012045;P012046;P012047;P012048;P012049;P001001;P005004;P005010;H004004;H004001;P005003,2026-08-19 00:43:21.909941,93461
2010/sf1/tract,state=37; vars=P013001;P012020;P012021;P012022;P012023;P012024;P012025;P012044;P012045;P012046;P012047;P012048;P012049;P001001;P005004;P005010;H004004;H004001;P005003,2026-08-19 00:43:23.173268,41705
2010/sf1/tract,state=38; vars=P013001;P012020;P012021;P012022;P012023;P012024;P012025;P012044;P012045;P012046;P012047;P012048;P012049;P001001;P005004;P005010;H004004;H004001;P005003,2026-08-19 00:43:23.757185,3895
2010/sf1/tract,state=39; vars=P013001;P012020;P012021;P012022;P012023;P012024;P012025;P012044;P012045;P012046;P012047;P012048;P012049;P001001;P005004;P005010;H004004;H004001;P005003,2026-08-19 00:43:25.251584,56088
2010/sf1/tract,state=40; vars=P013001;P012020;P012021;P012022;P012023;P012024;P012025;P012044;P012045;P012046;P012047;P012048;P012049;P001001;P005004;P005010;H004004;H004001;P005003,2026-08-19 00:43:26.030439,19874
2010/sf1/tract,state=41; vars=P013001;P012020;P012021;P012022;P012023;P012024;P012025;P012044;P012045;P012046;P012047;P012048;P012049;P001001;P005004;P005010;H004004;H004001;P005003,2026-08-19 00:43:26.925245,15846
2010/sf1/tract,state=42; vars=P013001;P012020;P012021;P012022;P012023;P012024;P012025;P012044;P012045;P012046;P012047;P012048;P012049;P001001;P005004;P005010;H004004;H004001;P005003,2026-08-19 00:43:28.264362,61142
2010/sf1/tract,state=44; vars=P013001;P012020;P012021;P012022;P012023;P012024;P012025;P012044;P012045;P012046;P012047;P012048;P012049;P001001;P005004;P005010;H004004;H004001;P005003,2026-08-19 00:43:28.885192,4636
2010/sf1/tract,state=45; vars=P013001;P012020;P012021;P012022;P012023;P012024;P012025;P012044;P012045;P012046;P012047;P012048;P012049;P001001;P005004;P005010;H004004;H004001;P005003,2026-08-19 00:43:29.716457,20957
2010/sf1/tract,state=46; vars=P013001;P012020;P012021;P012022;P012023;P012024;P012025;P012044;P012045;P012046;P012047;P012048;P012049;P001001;P005004;P005010;H004004;H004001;P005003,2026-08-19 00:43:30.412218,4218
2010/sf1/tract,state=47; vars=P013001;P012020;P012021;P012022;P012023;P012024;P012025;P012044;P012045;P012046;P012047;P012048;P012049;P001001;P005004;P005010;H004004;H004001;P005003,2026-08-19 00:43:31.284735,28443
2010/sf1/tract,state=48; vars=P013001;P012020;P012021;P012022;P012023;P012024;P012025;P012044;P012045;P012046;P012047;P012048;P012049;P001001;P005004;P005010;H004004;H004001;P005003,2026-08-19 00:43:33.489753,100035
2010/sf1/tract,state=49; vars=P013001;P012020;P012021;P012022;P012023;P012024;P012025;P012044;P012045;P012046;P012047;P012048;P012049;P001001;P005004;P005010;H004004;H004001;P005003,2026-08-19 00:43:34.230095,11172
2010/sf1/tract,state=50; vars=P013001;P012020;P012021;P012022;P012023;P012024;P012025;P012044;P012045;P012046;P012047;P012048;P012049;P001001;P005004;P005010;H004004;H004001;P005003,2026-08-19 00:43:34.819291,3496
2010/sf1/tract,state=51; vars=P013001;P012020;P012021;P012022;P012023;P012024;P012025;P012044;P012045;P012046;P012047;P012048;P012049;P001001;P005004;P005010;H004004;H004001;P005003,2026-08-19 00:43:35.951479,36233
2010/sf1/tract,state=53; vars=P013001;P012020;P012021;P012022;P012023;P012024;P012025;P012044;P012045;P012046;P012047;P012048;P012049;P001001;P005004;P005010;H004004;H004001;P005003,2026-08-19 00:43:36.913058,27702
2010/sf1/tract,state=54; vars=P013001;P012020;P012021;P012022;P012023;P012024;P012025;P012044;P012045;P012046;P012047;P012048;P012049;P001001;P005004;P005010;H004004;H004001;P005003,2026-08-19 00:43:37.542251,9196
2010/sf1/tract,state=55; vars=P013001;P012020;P012021;P012022;P012023;P012024;P012025;P012044;P012045;P012046;P012047;P012048;P012049;P001001;P005004;P005010;H004004;H004001;P005003,2026-08-19 00:43:38.643796,26771
2010/sf1/tract,state=56; vars=P013001;P012020;P012021;P012022;P012023;P012024;P012025;P012044;P012045;P012046;P012047;P012048;P012049;P001001;P005004;P005010;H004004;H004001;P005003,2026-08-19 00:43:39.246224,2508
2010/sf1/zcta,P013001;P012020;P012021;P012022;P012023;P012024;P012025;P012044;P012045;P012046;P012047;P012048;P012049;P001001;P005004;P005010;H004004;H004001;P005003,2026-08-19 00:43:51.920321,620426
2010/sf1/blockgroup,state=01; vars=P013001;P012020;P012021;P012022;P012023;P012024;P012025;P012044;P012045;P012046;P012047;P012048;P012049;P001001;P005004;P005010;H004004;H004001;P005003,2026-08-19 00:43:53.618166,65322
2010/sf1/blockgroup,state=04; vars=P013001;P012020;P012021;P012022;P012023;P012024;P012025;P012044;P012045;P012046;P012047;P012048;P012049;P001001;P005004;P005010;H004004;H004001;P005003,2026-08-19 00:43:55.638503,79382
2010/sf1/blockgroup,state=05; vars=P013001;P012020;P012021;P012022;P012023;P012024;P012025;P012044;P012045;P012046;P012047;P012048;P012049;P001001;P005004;P005010;H004004;H004001;P005003,2026-08-19 00:43:56.908229,40793
2010/sf1/blockgroup,state=06; vars=P013001;P012020;P012021;P012022;P012023;P012024;P012025;P012044;P012045;P012046;P012047;P012048;P012049;P001001;P005004;P005010;H004004;H004001;P005003,2026-08-19 00:44:03.680597,441028
2010/sf1/blockgroup,state=08; vars=P013001;P012020;P012021;P012022;P012023;P012024;P012025;P012044;P012045;P012046;P012047;P012048;P012049;P001001;P005004;P005010;H004004;H004001;P005003,2026-08-19 00:44:05.089805,67108
2010/sf1/blockgroup,state=09; vars=P013001;P012020;P012021;P012022;P012023;P012024;P012025;P012044;P012045;P012046;P012047;P012048;P012049;P001001;P005004;P005010;H004004;H004001;P005003,2026-08-19 00:44:06.453305,49115
2010/sf1/blockgroup,state=10; vars=P013001;P012020;P012021;P012022;P012023;P012024;P012025;P012044;P012045;P012046;P012047;P012048;P012049;P001001;P005004;P005010;H004004;H004001;P005003,2026-08-19 00:44:07.275094,10906
2010/sf1/blockgroup,state=11; vars=P013001;P012020;P012021;P012022;P012023;P012024;P012025;P012044;P012045;P012046;P012047;P012048;P012049;P001001;P005004;P005010;H004004;H004001;P005003,2026-08-19 00:44:08.088161,8550
2010/sf1/blockgroup,state=12; vars=P013001;P012020;P012021;P012022;P012023;P012024;P012025;P012044;P012045;P012046;P012047;P012048;P012049;P001001;P005004;P005010;H004004;H004001;P005003,2026-08-19 00:44:11.978741,217398
2010/sf1/blockgroup,state=13; vars=P013001;P012020;P012021;P012022;P012023;P012024;P012025;P012044;P012045;P012046;P012047;P012048;P012049;P001001;P005004;P005010;H004004;H004001;P005003,2026-08-19 00:44:14.172174,105127
2010/sf1/blockgroup,state=16; vars=P013001;P012020;P012021;P012022;P012023;P012024;P012025;P012044;P012045;P012046;P012047;P012048;P012049;P001001;P005004;P005010;H004004;H004001;P005003,2026-08-19 00:44:15.212167,18297
2010/sf1/blockgroup,state=17; vars=P013001;P012020;P012021;P012022;P012023;P012024;P012025;P012044;P012045;P012046;P012047;P012048;P012049;P001001;P005004;P005010;H004004;H004001;P005003,2026-08-19 00:44:19.639535,184129
2010/sf1/blockgroup,state=18; vars=P013001;P012020;P012021;P012022;P012023;P012024;P012025;P012044;P012045;P012046;P012047;P012048;P012049;P001001;P005004;P005010;H004004;H004001;P005003,2026-08-19 00:44:21.662805,91466
2010/sf1/blockgroup,state=19; vars=P013001;P012020;P012021;P012022;P012023;P012024;P012025;P012044;P012045;P012046;P012047;P012048;P012049;P001001;P005004;P005010;H004004;H004001;P005003,2026-08-19 00:44:23.062018,49970
2010/sf1/blockgroup,state=20; vars=P013001;P012020;P012021;P012022;P012023;P012024;P012025;P012044;P012045;P012046;P012047;P012048;P012049;P001001;P005004;P005010;H004004;H004001;P005003,2026-08-19 00:44:24.279017,44669
2010/sf1/blockgroup,state=21; vars=P013001;P012020;P012021;P012022;P012023;P012024;P012025;P012044;P012045;P012046;P012047;P012048;P012049;P001001;P005004;P005010;H004004;H004001;P005003,2026-08-19 00:44:25.840561,62415
2010/sf1/blockgroup,state=22; vars=P013001;P012020;P012021;P012022;P012023;P012024;P012025;P012044;P012045;P012046;P012047;P012048;P012049;P001001;P005004;P005010;H004004;H004001;P005003,2026-08-19 00:44:27.490274,65949
2010/sf1/blockgroup,state=23; vars=P013001;P012020;P012021;P012022;P012023;P012024;P012025;P012044;P012045;P012046;P012047;P012048;P012049;P001001;P005004;P005010;H004004;H004001;P005003,2026-08-19 00:44:28.406654,20634
2010/sf1/blockgroup,state=24; vars=P013001;P012020;P012021;P012022;P012023;P012024;P012025;P012044;P012045;P012046;P012047;P012048;P012049;P001001;P005004;P005010;H004004;H004001;P005003,2026-08-19 00:44:30.057501,74594
2010/sf1/blockgroup,state=25; vars=P013001;P012020;P012021;P012022;P012023;P012024;P012025;P012044;P012045;P012046;P012047;P012048;P012049;P001001;P005004;P005010;H004004;H004001;P005003,2026-08-19 00:44:31.916061,94715
2010/sf1/blockgroup,state=26; vars=P013001;P012020;P012021;P012022;P012023;P012024;P012025;P012044;P012045;P012046;P012047;P012048;P012049;P001001;P005004;P005010;H004004;H004001;P005003,2026-08-19 00:44:34.967419,155895
2010/sf1/blockgroup,state=27; vars=P013001;P012020;P012021;P012022;P012023;P012024;P012025;P012044;P012045;P012046;P012047;P012048;P012049;P001001;P005004;P005010;H004004;H004001;P005003,2026-08-19 00:44:36.645987,78109
2010/sf1/blockgroup,state=28; vars=P013001;P012020;P012021;P012022;P012023;P012024;P012025;P012044;P012045;P012046;P012047;P012048;P012049;P001001;P005004;P005010;H004004;H004001;P005003,2026-08-19 00:44:37.89732,41116
2010/sf1/blockgroup,state=29; vars=P013001;P012020;P012021;P012022;P012023;P012024;P012025;P012044;P012045;P012046;P012047;P012048;P012049;P001001;P005004;P005010;H004004;H004001;P005003,2026-08-19 00:44:39.773184,85614
2010/sf1/blockgroup,state=30; vars=P013001;P012020;P012021;P012022;P012023;P012024;P012025;P012044;P012045;P012046;P012047;P012048;P012049;P001001;P005004;P005010;H004004;H004001;P005003,2026-08-19 00:44:40.662345,15998
2010/sf1/blockgroup,state=31; vars=P013001;P012020;P012021;P012022;P012023;P012024;P012025;P012044;P012045;P012046;P012047;P012048;P012049;P001001;P005004;P005010;H004004;H004001;P005003,2026-08-19 00:44:41.752486,31027
2010/sf1/blockgroup,state=32; vars=P013001;P012020;P012021;P012022;P012023;P012024;P012025;P012044;P012045;P012046;P012047;P012048;P012049;P001001;P005004;P005010;H004004;H004001;P005003,2026-08-19 00:44:43.002213,34884
2010/sf1/blockgroup,state=33; vars=P013001;P012020;P012021;P012022;P012023;P012024;P012025;P012044;P012045;P012046;P012047;P012048;P012049;P001001;P005004;P005010;H004004;H004001;P005003,2026-08-19 00:44:43.891535,17518
2010/sf1/blockgroup,state=34; vars=P013001;P012020;P012021;P012022;P012023;P012024;P012025;P012044;P012045;P012046;P012047;P012048;P012049;P001001;P005004;P005010;H004004;H004001;P005003,2026-08-19 00:44:46.620772,120080
2010/sf1/blockgroup,state=35; vars=P013001;P012020;P012021;P012022;P012023;P012024;P012025;P012044;P012045;P012046;P012047;P012048;P012049;P001001;P005004;P005010;H004004;H004001;P005003,2026-08-19 00:44:47.82477,27531
2010/sf1/blockgroup,state=36; vars=P013001;P012020;P012021;P012022;P012023;P012024;P012025;P012044;P012045;P012046;P012047;P012048;P012049;P001001;P005004;P005010;H004004;H004001;P005003,2026-08-19 00:44:52.641067,293816
2010/sf1/blockgroup,state=37; vars=P013001;P012020;P012021;P012022;P012023;P012024;P012025;P012044;P012045;P012046;P012047;P012048;P012049;P001001;P005004;P005010;H004004;H004001;P005003,2026-08-19 00:44:55.364641,116945
2010/sf1/blockgroup,state=38; vars=P013001;P012020;P012021;P012022;P012023;P012024;P012025;P012044;P012045;P012046;P012047;P012048;P012049;P001001;P005004;P005010;H004004;H004001;P005003,2026-08-19 00:44:56.18991,10868
2010/sf1/blockgroup,state=39; vars=P013001;P012020;P012021;P012022;P012023;P012024;P012025;P012044;P012045;P012046;P012047;P012048;P012049;P001001;P005004;P005010;H004004;H004001;P005003,2026-08-19 00:44:59.276708,175522
2010/sf1/blockgroup,state=40; vars=P013001;P012020;P012021;P012022;P012023;P012024;P012025;P012044;P012045;P012046;P012047;P012048;P012049;P001001;P005004;P005010;H004004;H004001;P005003,2026-08-19 00:45:00.619681,56335
2010/sf1/blockgroup,state=41; vars=P013001;P012020;P012021;P012022;P012023;P012024;P012025;P012044;P012045;P012046;P012047;P012048;P012049;P001001;P005004;P005010;H004004;H004001;P005003,2026-08-19 00:45:02.064935,50046
2010/sf1/blockgroup,state=42; vars=P013001;P012020;P012021;P012022;P012023;P012024;P012025;P012044;P012045;P012046;P012047;P012048;P012049;P001001;P005004;P005010;H004004;H004001;P005003,2026-08-19 00:45:07.409443,185060
2010/sf1/blockgroup,state=44; vars=P013001;P012020;P012021;P012022;P012023;P012024;P012025;P012044;P012045;P012046;P012047;P012048;P012049;P001001;P005004;P005010;H004004;H004001;P005003,2026-08-19 00:45:08.276049,15485
2010/sf1/blockgroup,state=45; vars=P013001;P012020;P012021;P012022;P012023;P012024;P012025;P012044;P012045;P012046;P012047;P012048;P012049;P001001;P005004;P005010;H004004;H004001;P005003,2026-08-19 00:45:09.627203,58121
2010/sf1/blockgroup,state=46; vars=P013001;P012020;P012021;P012022;P012023;P012024;P012025;P012044;P012045;P012046;P012047;P012048;P012049;P001001;P005004;P005010;H004004;H004001;P005003,2026-08-19 00:45:10.520989,12426
2010/sf1/blockgroup,state=47; vars=P013001;P012020;P012021;P012022;P012023;P012024;P012025;P012044;P012045;P012046;P012047;P012048;P012049;P001001;P005004;P005010;H004004;H004001;P005003,2026-08-19 00:45:12.184936,78375
2010/sf1/blockgroup,state=48; vars=P013001;P012020;P012021;P012022;P012023;P012024;P012025;P012044;P012045;P012046;P012047;P012048;P012049;P001001;P005004;P005010;H004004;H004001;P005003,2026-08-19 00:45:16.870333,300409
2010/sf1/blockgroup,state=49; vars=P013001;P012020;P012021;P012022;P012023;P012024;P012025;P012044;P012045;P012046;P012047;P012048;P012049;P001001;P005004;P005010;H004004;H004001;P005003,2026-08-19 00:45:17.875486,32110
2010/sf1/blockgroup,state=50; vars=P013001;P012020;P012021;P012022;P012023;P012024;P012025;P012044;P012045;P012046;P012047;P012048;P012049;P001001;P005004;P005010;H004004;H004001;P005003,2026-08-19 00:45:18.647381,9918
2010/sf1/blockgroup,state=51; vars=P013001;P012020;P012021;P012022;P012023;P012024;P012025;P012044;P012045;P012046;P012047;P012048;P012049;P001001;P005004;P005010;H004004;H004001;P005003,2026-08-19 00:45:20.868395,101308
2010/sf1/blockgroup,state=53; vars=P013001;P012020;P012021;P012022;P012023;P012024;P012025;P012044;P012045;P012046;P012047;P012048;P012049;P001001;P005004;P005010;H004004;H004001;P005003,2026-08-19 00:45:22.71623,90877
2010/sf1/blockgroup,state=54; vars=P013001;P012020;P012021;P012022;P012023;P012024;P012025;P012044;P012045;P012046;P012047;P012048;P012049;P001001;P005004;P005010;H004004;H004001;P005003,2026-08-19 00:45:23.747588,30248
2010/sf1/blockgroup,state=55; vars=P013001;P012020;P012021;P012022;P012023;P012024;P012025;P012044;P012045;P012046;P012047;P012048;P012049;P001001;P005004;P005010;H004004;H004001;P005003,2026-08-19 00:45:27.334585,85291
2010/sf1/blockgroup,state=56; vars=P013001;P012020;P012021;P012022;P012023;P012024;P012025;P012044;P012045;P012046;P012047;P012048;P012049;P001001;P005004;P005010;H004004;H004001;P005003,2026-08-19 00:45:28.129324,7790
2020/dhc/state,P13_001N;P12_020N;P12_021N;P12_022N;P12_023N;P12_024N;P12_025N;P12_044N;P12_045N;P12_046N;P12_047N;P12_048N;P12_049N;P1_001N;P5_004N;P5_010N;H4_004N;H4_001N;P5_003N,2026-08-19 00:45:29.602951,931
2020/dhc/county,P13_001N;P12_020N;P12_021N;P12_022N;P12_023N;P12_024N;P12_025N;P12_044N;P12_045N;P12_046N;P12_047N;P12_048N;P12_049N;P1_001N;P5_004N;P5_010N;H4_004N;H4_001N;P5_003N,2026-08-19 00:45:30.803157,59052
2020/dhc/tract,state=01; vars=P13_001N;P12_020N;P12_021N;P12_022N;P12_023N;P12_024N;P12_025N;P12_044N;P12_045N;P12_046N;P12_047N;P12_048N;P12_049N;P1_001N;P5_004N;P5_010N;H4_004N;H4_001N;P5_003N,2026-08-19 00:45:31.924093,27303
2020/dhc/tract,state=04; vars=P13_001N;P12_020N;P12_021N;P12_022N;P12_023N;P12_024N;P12_025N;P12_044N;P12_045N;P12_046N;P12_047N;P12_048N;P12_049N;P1_001N;P5_004N;P5_010N;H4_004N;H4_001N;P5_003N,2026-08-19 00:45:33.660968,33535
2020/dhc/tract,state=05; vars=P13_001N;P12_020N;P12_021N;P12_022N;P12_023N;P12_024N;P12_025N;P12_044N;P12_045N;P12_046N;P12_047N;P12_048N;P12_049N;P1_001N;P5_004N;P5_010N;H4_004N;H4_001N;P5_003N,2026-08-19 00:45:34.614348,15637
2020/dhc/tract,state=06; vars=P13_001N;P12_020N;P12_021N;P12_022N;P12_023N;P12_024N;P12_025N;P12_044N;P12_045N;P12_046N;P12_047N;P12_048N;P12_049N;P1_001N;P5_004N;P5_010N;H4_004N;H4_001N;P5_003N,2026-08-19 00:45:38.102396,173451
2020/dhc/tract,state=08; vars=P13_001N;P12_020N;P12_021N;P12_022N;P12_023N;P12_024N;P12_025N;P12_044N;P12_045N;P12_046N;P12_047N;P12_048N;P12_049N;P1_001N;P5_004N;P5_010N;H4_004N;H4_001N;P5_003N,2026-08-19 00:45:39.141627,27493
2020/dhc/tract,state=09; vars=P13_001N;P12_020N;P12_021N;P12_022N;P12_023N;P12_024N;P12_025N;P12_044N;P12_045N;P12_046N;P12_047N;P12_048N;P12_049N;P1_001N;P5_004N;P5_010N;H4_004N;H4_001N;P5_003N,2026-08-19 00:45:40.115062,16777
2020/dhc/tract,state=10; vars=P13_001N;P12_020N;P12_021N;P12_022N;P12_023N;P12_024N;P12_025N;P12_044N;P12_045N;P12_046N;P12_047N;P12_048N;P12_049N;P1_001N;P5_004N;P5_010N;H4_004N;H4_001N;P5_003N,2026-08-19 00:45:40.900348,4978
2020/dhc/tract,state=11; vars=P13_001N;P12_020N;P12_021N;P12_022N;P12_023N;P12_024N;P12_025N;P12_044N;P12_045N;P12_046N;P12_047N;P12_048N;P12_049N;P1_001N;P5_004N;P5_010N;H4_004N;H4_001N;P5_003N,2026-08-19 00:45:41.851432,3914
2020/dhc/tract,state=12; vars=P13_001N;P12_020N;P12_021N;P12_022N;P12_023N;P12_024N;P12_025N;P12_044N;P12_045N;P12_046N;P12_047N;P12_048N;P12_049N;P1_001N;P5_004N;P5_010N;H4_004N;H4_001N;P5_003N,2026-08-19 00:45:44.15977,98040
2020/dhc/tract,state=13; vars=P13_001N;P12_020N;P12_021N;P12_022N;P12_023N;P12_024N;P12_025N;P12_044N;P12_045N;P12_046N;P12_047N;P12_048N;P12_049N;P1_001N;P5_004N;P5_010N;H4_004N;H4_001N;P5_003N,2026-08-19 00:45:45.520351,53124
2020/dhc/tract,state=16; vars=P13_001N;P12_020N;P12_021N;P12_022N;P12_023N;P12_024N;P12_025N;P12_044N;P12_045N;P12_046N;P12_047N;P12_048N;P12_049N;P1_001N;P5_004N;P5_010N;H4_004N;H4_001N;P5_003N,2026-08-19 00:45:46.390706,8664
2020/dhc/tract,state=17; vars=P13_001N;P12_020N;P12_021N;P12_022N;P12_023N;P12_024N;P12_025N;P12_044N;P12_045N;P12_046N;P12_047N;P12_048N;P12_049N;P1_001N;P5_004N;P5_010N;H4_004N;H4_001N;P5_003N,2026-08-19 00:45:47.784331,62035
2020/dhc/tract,state=18; vars=P13_001N;P12_020N;P12_021N;P12_022N;P12_023N;P12_024N;P12_025N;P12_044N;P12_045N;P12_046N;P12_047N;P12_048N;P12_049N;P1_001N;P5_004N;P5_010N;H4_004N;H4_001N;P5_003N,2026-08-19 00:45:48.880192,32224
2020/dhc/tract,state=19; vars=P13_001N;P12_020N;P12_021N;P12_022N;P12_023N;P12_024N;P12_025N;P12_044N;P12_045N;P12_046N;P12_047N;P12_048N;P12_049N;P1_001N;P5_004N;P5_010N;H4_004N;H4_001N;P5_003N,2026-08-19 00:45:49.766032,17024
2020/dhc/tract,state=20; vars=P13_001N;P12_020N;P12_021N;P12_022N;P12_023N;P12_024N;P12_025N;P12_044N;P12_045N;P12_046N;P12_047N;P12_048N;P12_049N;P1_001N;P5_004N;P5_010N;H4_004N;H4_001N;P5_003N,2026-08-19 00:45:50.640429,15751
2020/dhc/tract,state=21; vars=P13_001N;P12_020N;P12_021N;P12_022N;P12_023N;P12_024N;P12_025N;P12_044N;P12_045N;P12_046N;P12_047N;P12_048N;P12_049N;P1_001N;P5_004N;P5_010N;H4_004N;H4_001N;P5_003N,2026-08-19 00:45:51.714931,24814
2020/dhc/tract,state=22; vars=P13_001N;P12_020N;P12_021N;P12_022N;P12_023N;P12_024N;P12_025N;P12_044N;P12_045N;P12_046N;P12_047N;P12_048N;P12_049N;P1_001N;P5_004N;P5_010N;H4_004N;H4_001N;P5_003N,2026-08-19 00:45:52.757504,26372
2020/dhc/tract,state=23; vars=P13_001N;P12_020N;P12_021N;P12_022N;P12_023N;P12_024N;P12_025N;P12_044N;P12_045N;P12_046N;P12_047N;P12_048N;P12_049N;P1_001N;P5_004N;P5_010N;H4_004N;H4_001N;P5_003N,2026-08-19 00:45:53.500649,7733
2020/dhc/tract,state=24; vars=P13_001N;P12_020N;P12_021N;P12_022N;P12_023N;P12_024N;P12_025N;P12_044N;P12_045N;P12_046N;P12_047N;P12_048N;P12_049N;P1_001N;P5_004N;P5_010N;H4_004N;H4_001N;P5_003N,2026-08-19 00:45:54.514955,28025
2020/dhc/tract,state=25; vars=P13_001N;P12_020N;P12_021N;P12_022N;P12_023N;P12_024N;P12_025N;P12_044N;P12_045N;P12_046N;P12_047N;P12_048N;P12_049N;P1_001N;P5_004N;P5_010N;H4_004N;H4_001N;P5_003N,2026-08-19 00:45:55.71929,30780
2020/dhc/tract,state=26; vars=P13_001N;P12_020N;P12_021N;P12_022N;P12_023N;P12_024N;P12_025N;P12_044N;P12_045N;P12_046N;P12_047N;P12_048N;P12_049N;P1_001N;P5_004N;P5_010N;H4_004N;H4_001N;P5_003N,2026-08-19 00:45:57.206816,57323
2020/dhc/tract,state=27; vars=P13_001N;P12_020N;P12_021N;P12_022N;P12_023N;P12_024N;P12_025N;P12_044N;P12_045N;P12_046N;P12_047N;P12_048N;P12_049N;P1_001N;P5_004N;P5_010N;H4_004N;H4_001N;P5_003N,2026-08-19 00:45:58.262786,28595
2020/dhc/tract,state=28; vars=P13_001N;P12_020N;P12_021N;P12_022N;P12_023N;P12_024N;P12_025N;P12_044N;P12_045N;P12_046N;P12_047N;P12_048N;P12_049N;P1_001N;P5_004N;P5_010N;H4_004N;H4_001N;P5_003N,2026-08-19 00:45:59.146814,16682
2020/dhc/tract,state=29; vars=P13_001N;P12_020N;P12_021N;P12_022N;P12_023N;P12_024N;P12_025N;P12_044N;P12_045N;P12_046N;P12_047N;P12_048N;P12_049N;P1_001N;P5_004N;P5_010N;H4_004N;H4_001N;P5_003N,2026-08-19 00:46:00.320604,31426
2020/dhc/tract,state=30; vars=P13_001N;P12_020N;P12_021N;P12_022N;P12_023N;P12_024N;P12_025N;P12_044N;P12_045N;P12_046N;P12_047N;P12_048N;P12_049N;P1_001N;P5_004N;P5_010N;H4_004N;H4_001N;P5_003N,2026-08-19 00:46:01.093449,6061
2020/dhc/tract,state=31; vars=P13_001N;P12_020N;P12_021N;P12_022N;P12_023N;P12_024N;P12_025N;P12_044N;P12_045N;P12_046N;P12_047N;P12_048N;P12_049N;P1_001N;P5_004N;P5_010N;H4_004N;H4_001N;P5_003N,2026-08-19 00:46:01.945657,10507
2020/dhc/tract,state=32; vars=P13_001N;P12_020N;P12_021N;P12_022N;P12_023N;P12_024N;P12_025N;P12_044N;P12_045N;P12_046N;P12_047N;P12_048N;P12_049N;P1_001N;P5_004N;P5_010N;H4_004N;H4_001N;P5_003N,2026-08-19 00:46:02.794725,14801
2020/dhc/tract,state=33; vars=P13_001N;P12_020N;P12_021N;P12_022N;P12_023N;P12_024N;P12_025N;P12_044N;P12_045N;P12_046N;P12_047N;P12_048N;P12_049N;P1_001N;P5_004N;P5_010N;H4_004N;H4_001N;P5_003N,2026-08-19 00:46:03.668998,6650
2020/dhc/tract,state=34; vars=P13_001N;P12_020N;P12_021N;P12_022N;P12_023N;P12_024N;P12_025N;P12_044N;P12_045N;P12_046N;P12_047N;P12_048N;P12_049N;P1_001N;P5_004N;P5_010N;H4_004N;H4_001N;P5_003N,2026-08-19 00:46:04.882595,41439
2020/dhc/tract,state=35; vars=P13_001N;P12_020N;P12_021N;P12_022N;P12_023N;P12_024N;P12_025N;P12_044N;P12_045N;P12_046N;P12_047N;P12_048N;P12_049N;P1_001N;P5_004N;P5_010N;H4_004N;H4_001N;P5_003N,2026-08-19 00:46:05.76934,11628
2020/dhc/tract,state=36; vars=P13_001N;P12_020N;P12_021N;P12_022N;P12_023N;P12_024N;P12_025N;P12_044N;P12_045N;P12_046N;P12_047N;P12_048N;P12_049N;P1_001N;P5_004N;P5_010N;H4_004N;H4_001N;P5_003N,2026-08-19 00:46:07.695008,102809
2020/dhc/tract,state=37; vars=P13_001N;P12_020N;P12_021N;P12_022N;P12_023N;P12_024N;P12_025N;P12_044N;P12_045N;P12_046N;P12_047N;P12_048N;P12_049N;P1_001N;P5_004N;P5_010N;H4_004N;H4_001N;P5_003N,2026-08-19 00:46:09.042987,50768
2020/dhc/tract,state=38; vars=P13_001N;P12_020N;P12_021N;P12_022N;P12_023N;P12_024N;P12_025N;P12_044N;P12_045N;P12_046N;P12_047N;P12_048N;P12_049N;P1_001N;P5_004N;P5_010N;H4_004N;H4_001N;P5_003N,2026-08-19 00:46:09.777713,4332
2020/dhc/tract,state=39; vars=P13_001N;P12_020N;P12_021N;P12_022N;P12_023N;P12_024N;P12_025N;P12_044N;P12_045N;P12_046N;P12_047N;P12_048N;P12_049N;P1_001N;P5_004N;P5_010N;H4_004N;H4_001N;P5_003N,2026-08-19 00:46:11.209772,60192
2020/dhc/tract,state=40; vars=P13_001N;P12_020N;P12_021N;P12_022N;P12_023N;P12_024N;P12_025N;P12_044N;P12_045N;P12_046N;P12_047N;P12_048N;P12_049N;P1_001N;P5_004N;P5_010N;H4_004N;H4_001N;P5_003N,2026-08-19 00:46:12.310459,22895
2020/dhc/tract,state=41; vars=P13_001N;P12_020N;P12_021N;P12_022N;P12_023N;P12_024N;P12_025N;P12_044N;P12_045N;P12_046N;P12_047N;P12_048N;P12_049N;P1_001N;P5_004N;P5_010N;H4_004N;H4_001N;P5_003N,2026-08-19 00:46:13.217132,19019
2020/dhc/tract,state=42; vars=P13_001N;P12_020N;P12_021N;P12_022N;P12_023N;P12_024N;P12_025N;P12_044N;P12_045N;P12_046N;P12_047N;P12_048N;P12_049N;P1_001N;P5_004N;P5_010N;H4_004N;H4_001N;P5_003N,2026-08-19 00:46:14.566095,65474
2020/dhc/tract,state=44; vars=P13_001N;P12_020N;P12_021N;P12_022N;P12_023N;P12_024N;P12_025N;P12_044N;P12_045N;P12_046N;P12_047N;P12_048N;P12_049N;P1_001N;P5_004N;P5_010N;H4_004N;H4_001N;P5_003N,2026-08-19 00:46:26.205756,4750
2020/dhc/tract,state=45; vars=P13_001N;P12_020N;P12_021N;P12_022N;P12_023N;P12_024N;P12_025N;P12_044N;P12_045N;P12_046N;P12_047N;P12_048N;P12_049N;P1_001N;P5_004N;P5_010N;H4_004N;H4_001N;P5_003N,2026-08-19 00:46:27.442859,25137
2020/dhc/tract,state=46; vars=P13_001N;P12_020N;P12_021N;P12_022N;P12_023N;P12_024N;P12_025N;P12_044N;P12_045N;P12_046N;P12_047N;P12_048N;P12_049N;P1_001N;P5_004N;P5_010N;H4_004N;H4_001N;P5_003N,2026-08-19 00:46:28.360021,4598
2020/dhc/tract,state=47; vars=P13_001N;P12_020N;P12_021N;P12_022N;P12_023N;P12_024N;P12_025N;P12_044N;P12_045N;P12_046N;P12_047N;P12_048N;P12_049N;P1_001N;P5_004N;P5_010N;H4_004N;H4_001N;P5_003N,2026-08-19 00:46:29.520207,32319
2020/dhc/tract,state=48; vars=P13_001N;P12_020N;P12_021N;P12_022N;P12_023N;P12_024N;P12_025N;P12_044N;P12_045N;P12_046N;P12_047N;P12_048N;P12_049N;P1_001N;P5_004N;P5_010N;H4_004N;H4_001N;P5_003N,2026-08-19 00:46:32.040655,131024
2020/dhc/tract,state=49; vars=P13_001N;P12_020N;P12_021N;P12_022N;P12_023N;P12_024N;P12_025N;P12_044N;P12_045N;P12_046N;P12_047N;P12_048N;P12_049N;P1_001N;P5_004N;P5_010N;H4_004N;H4_001N;P5_003N,2026-08-19 00:46:32.897928,13604
2020/dhc/tract,state=50; vars=P13_001N;P12_020N;P12_021N;P12_022N;P12_023N;P12_024N;P12_025N;P12_044N;P12_045N;P12_046N;P12_047N;P12_048N;P12_049N;P1_001N;P5_004N;P5_010N;H4_004N;H4_001N;P5_003N,2026-08-19 00:46:33.671589,3667
2020/dhc/tract,state=51; vars=P13_001N;P12_020N;P12_021N;P12_022N;P12_023N;P12_024N;P12_025N;P12_044N;P12_045N;P12_046N;P12_047N;P12_048N;P12_049N;P1_001N;P5_004N;P5_010N;H4_004N;H4_001N;P5_003N,2026-08-19 00:46:34.812037,41762
2020/dhc/tract,state=53; vars=P13_001N;P12_020N;P12_021N;P12_022N;P12_023N;P12_024N;P12_025N;P12_044N;P12_045N;P12_046N;P12_047N;P12_048N;P12_049N;P1_001N;P5_004N;P5_010N;H4_004N;H4_001N;P5_003N,2026-08-19 00:46:35.977849,33896
2020/dhc/tract,state=54; vars=P13_001N;P12_020N;P12_021N;P12_022N;P12_023N;P12_024N;P12_025N;P12_044N;P12_045N;P12_046N;P12_047N;P12_048N;P12_049N;P1_001N;P5_004N;P5_010N;H4_004N;H4_001N;P5_003N,2026-08-19 00:46:36.78428,10374
2020/dhc/tract,state=55; vars=P13_001N;P12_020N;P12_021N;P12_022N;P12_023N;P12_024N;P12_025N;P12_044N;P12_045N;P12_046N;P12_047N;P12_048N;P12_049N;P1_001N;P5_004N;P5_010N;H4_004N;H4_001N;P5_003N,2026-08-19 00:46:37.940486,29298
2020/dhc/tract,state=56; vars=P13_001N;P12_020N;P12_021N;P12_022N;P12_023N;P12_024N;P12_025N;P12_044N;P12_045N;P12_046N;P12_047N;P12_048N;P12_049N;P1_001N;P5_004N;P5_010N;H4_004N;H4_001N;P5_003N,2026-08-19 00:46:38.773331,3040
2020/dhc/zcta,P13_001N;P12_020N;P12_021N;P12_022N;P12_023N;P12_024N;P12_025N;P12_044N;P12_045N;P12_046N;P12_047N;P12_048N;P12_049N;P1_001N;P5_004N;P5_010N;H4_004N;H4_001N;P5_003N,2026-08-19 00:46:46.171022,632681
2020/dhc/blockgroup,state=01; vars=P13_001N;P12_020N;P12_021N;P12_022N;P12_023N;P12_024N;P12_025N;P12_044N;P12_045N;P12_046N;P12_047N;P12_048N;P12_049N;P1_001N;P5_004N;P5_010N;H4_004N;H4_001N;P5_003N,2026-08-19 00:46:48.523705,74575
2020/dhc/blockgroup,state=04; vars=P13_001N;P12_020N;P12_021N;P12_022N;P12_023N;P12_024N;P12_025N;P12_044N;P12_045N;P12_046N;P12_047N;P12_048N;P12_049N;P1_001N;P5_004N;P5_010N;H4_004N;H4_001N;P5_003N,2026-08-19 00:46:51.272898,90687
2020/dhc/blockgroup,state=05; vars=P13_001N;P12_020N;P12_021N;P12_022N;P12_023N;P12_024N;P12_025N;P12_044N;P12_045N;P12_046N;P12_047N;P12_048N;P12_049N;P1_001N;P5_004N;P5_010N;H4_004N;H4_001N;P5_003N,2026-08-19 00:46:53.292641,43586
2020/dhc/blockgroup,state=06; vars=P13_001N;P12_020N;P12_021N;P12_022N;P12_023N;P12_024N;P12_025N;P12_044N;P12_045N;P12_046N;P12_047N;P12_048N;P12_049N;P1_001N;P5_004N;P5_010N;H4_004N;H4_001N;P5_003N,2026-08-19 00:47:01.58523,486533
2020/dhc/blockgroup,state=08; vars=P13_001N;P12_020N;P12_021N;P12_022N;P12_023N;P12_024N;P12_025N;P12_044N;P12_045N;P12_046N;P12_047N;P12_048N;P12_049N;P1_001N;P5_004N;P5_010N;H4_004N;H4_001N;P5_003N,2026-08-19 00:47:05.176723,77102
2020/dhc/blockgroup,state=09; vars=P13_001N;P12_020N;P12_021N;P12_022N;P12_023N;P12_024N;P12_025N;P12_044N;P12_045N;P12_046N;P12_047N;P12_048N;P12_049N;P1_001N;P5_004N;P5_010N;H4_004N;H4_001N;P5_003N,2026-08-19 00:47:07.333749,51604
2020/dhc/blockgroup,state=10; vars=P13_001N;P12_020N;P12_021N;P12_022N;P12_023N;P12_024N;P12_025N;P12_044N;P12_045N;P12_046N;P12_047N;P12_048N;P12_049N;P1_001N;P5_004N;P5_010N;H4_004N;H4_001N;P5_003N,2026-08-19 00:47:08.777732,13414
2020/dhc/blockgroup,state=11; vars=P13_001N;P12_020N;P12_021N;P12_022N;P12_023N;P12_024N;P12_025N;P12_044N;P12_045N;P12_046N;P12_047N;P12_048N;P12_049N;P1_001N;P5_004N;P5_010N;H4_004N;H4_001N;P5_003N,2026-08-19 00:47:11.680239,10849
2020/dhc/blockgroup,state=12; vars=P13_001N;P12_020N;P12_021N;P12_022N;P12_023N;P12_024N;P12_025N;P12_044N;P12_045N;P12_046N;P12_047N;P12_048N;P12_049N;P1_001N;P5_004N;P5_010N;H4_004N;H4_001N;P5_003N,2026-08-19 00:47:16.379745,254372
2020/dhc/blockgroup,state=13; vars=P13_001N;P12_020N;P12_021N;P12_022N;P12_023N;P12_024N;P12_025N;P12_044N;P12_045N;P12_046N;P12_047N;P12_048N;P12_049N;P1_001N;P5_004N;P5_010N;H4_004N;H4_001N;P5_003N,2026-08-19 00:47:19.935463,141474
2020/dhc/blockgroup,state=16; vars=P13_001N;P12_020N;P12_021N;P12_022N;P12_023N;P12_024N;P12_025N;P12_044N;P12_045N;P12_046N;P12_047N;P12_048N;P12_049N;P1_001N;P5_004N;P5_010N;H4_004N;H4_001N;P5_003N,2026-08-19 00:47:21.397896,24396
2020/dhc/blockgroup,state=17; vars=P13_001N;P12_020N;P12_021N;P12_022N;P12_023N;P12_024N;P12_025N;P12_044N;P12_045N;P12_046N;P12_047N;P12_048N;P12_049N;P1_001N;P5_004N;P5_010N;H4_004N;H4_001N;P5_003N,2026-08-19 00:47:25.523516,188062
2020/dhc/blockgroup,state=18; vars=P13_001N;P12_020N;P12_021N;P12_022N;P12_023N;P12_024N;P12_025N;P12_044N;P12_045N;P12_046N;P12_047N;P12_048N;P12_049N;P1_001N;P5_004N;P5_010N;H4_004N;H4_001N;P5_003N,2026-08-19 00:47:28.167081,100510
2020/dhc/blockgroup,state=19; vars=P13_001N;P12_020N;P12_021N;P12_022N;P12_023N;P12_024N;P12_025N;P12_044N;P12_045N;P12_046N;P12_047N;P12_048N;P12_049N;P1_001N;P5_004N;P5_010N;H4_004N;H4_001N;P5_003N,2026-08-19 00:47:29.915965,51357
2020/dhc/blockgroup,state=20; vars=P13_001N;P12_020N;P12_021N;P12_022N;P12_023N;P12_024N;P12_025N;P12_044N;P12_045N;P12_046N;P12_047N;P12_048N;P12_049N;P1_001N;P5_004N;P5_010N;H4_004N;H4_001N;P5_003N,2026-08-19 00:47:31.942053,46759
2020/dhc/blockgroup,state=21; vars=P13_001N;P12_020N;P12_021N;P12_022N;P12_023N;P12_024N;P12_025N;P12_044N;P12_045N;P12_046N;P12_047N;P12_048N;P12_049N;P1_001N;P5_004N;P5_010N;H4_004N;H4_001N;P5_003N,2026-08-19 00:47:34.350269,68039
2020/dhc/blockgroup,state=22; vars=P13_001N;P12_020N;P12_021N;P12_022N;P12_023N;P12_024N;P12_025N;P12_044N;P12_045N;P12_046N;P12_047N;P12_048N;P12_049N;P1_001N;P5_004N;P5_010N;H4_004N;H4_001N;P5_003N,2026-08-19 00:47:36.867801,81586
2020/dhc/blockgroup,state=23; vars=P13_001N;P12_020N;P12_021N;P12_022N;P12_023N;P12_024N;P12_025N;P12_044N;P12_045N;P12_046N;P12_047N;P12_048N;P12_049N;P1_001N;P5_004N;P5_010N;H4_004N;H4_001N;P5_003N,2026-08-19 00:47:38.348583,22496
2020/dhc/blockgroup,state=24; vars=P13_001N;P12_020N;P12_021N;P12_022N;P12_023N;P12_024N;P12_025N;P12_044N;P12_045N;P12_046N;P12_047N;P12_048N;P12_049N;P1_001N;P5_004N;P5_010N;H4_004N;H4_001N;P5_003N,2026-08-19 00:47:41.016072,77501
2020/dhc/blockgroup,state=25; vars=P13_001N;P12_020N;P12_021N;P12_022N;P12_023N;P12_024N;P12_025N;P12_044N;P12_045N;P12_046N;P12_047N;P12_048N;P12_049N;P1_001N;P5_004N;P5_010N;H4_004N;H4_001N;P5_003N,2026-08-19 00:47:43.737425,97204
2020/dhc/blockgroup,state=26; vars=P13_001N;P12_020N;P12_021N;P12_022N;P12_023N;P12_024N;P12_025N;P12_044N;P12_045N;P12_046N;P12_047N;P12_048N;P12_049N;P1_001N;P5_004N;P5_010N;H4_004N;H4_001N;P5_003N,2026-08-19 00:47:47.224528,159334
2020/dhc/blockgroup,state=27; vars=P13_001N;P12_020N;P12_021N;P12_022N;P12_023N;P12_024N;P12_025N;P12_044N;P12_045N;P12_046N;P12_047N;P12_048N;P12_049N;P1_001N;P5_004N;P5_010N;H4_004N;H4_001N;P5_003N,2026-08-19 00:47:50.031815,89414
2020/dhc/blockgroup,state=28; vars=P13_001N;P12_020N;P12_021N;P12_022N;P12_023N;P12_024N;P12_025N;P12_044N;P12_045N;P12_046N;P12_047N;P12_048N;P12_049N;P1_001N;P5_004N;P5_010N;H4_004N;H4_001N;P5_003N,2026-08-19 00:47:52.126204,46455
2020/dhc/blockgroup,state=29; vars=P13_001N;P12_020N;P12_021N;P12_022N;P12_023N;P12_024N;P12_025N;P12_044N;P12_045N;P12_046N;P12_047N;P12_048N;P12_049N;P1_001N;P5_004N;P5_010N;H4_004N;H4_001N;P5_003N,2026-08-19 00:47:54.731734,95589
2020/dhc/blockgroup,state=30; vars=P13_001N;P12_020N;P12_021N;P12_022N;P12_023N;P12_024N;P12_025N;P12_044N;P12_045N;P12_046N;P12_047N;P12_048N;P12_049N;P1_001N;P5_004N;P5_010N;H4_004N;H4_001N;P5_003N,2026-08-19 00:47:56.068777,17100
2020/dhc/blockgroup,state=31; vars=P13_001N;P12_020N;P12_021N;P12_022N;P12_023N;P12_024N;P12_025N;P12_044N;P12_045N;P12_046N;P12_047N;P12_048N;P12_049N;P1_001N;P5_004N;P5_010N;H4_004N;H4_001N;P5_003N,2026-08-19 00:47:57.596237,31312
2020/dhc/blockgroup,state=32; vars=P13_001N;P12_020N;P12_021N;P12_022N;P12_023N;P12_024N;P12_025N;P12_044N;P12_045N;P12_046N;P12_047N;P12_048N;P12_049N;P1_001N;P5_004N;P5_010N;H4_004N;H4_001N;P5_003N,2026-08-19 00:47:59.219714,37297
2020/dhc/blockgroup,state=33; vars=P13_001N;P12_020N;P12_021N;P12_022N;P12_023N;P12_024N;P12_025N;P12_044N;P12_045N;P12_046N;P12_047N;P12_048N;P12_049N;P1_001N;P5_004N;P5_010N;H4_004N;H4_001N;P5_003N,2026-08-19 00:48:00.846158,18943
2020/dhc/blockgroup,state=34; vars=P13_001N;P12_020N;P12_021N;P12_022N;P12_023N;P12_024N;P12_025N;P12_044N;P12_045N;P12_046N;P12_047N;P12_048N;P12_049N;P1_001N;P5_004N;P5_010N;H4_004N;H4_001N;P5_003N,2026-08-19 00:48:03.795275,125381
2020/dhc/blockgroup,state=35; vars=P13_001N;P12_020N;P12_021N;P12_022N;P12_023N;P12_024N;P12_025N;P12_044N;P12_045N;P12_046N;P12_047N;P12_048N;P12_049N;P1_001N;P5_004N;P5_010N;H4_004N;H4_001N;P5_003N,2026-08-19 00:48:05.459299,30666
2020/dhc/blockgroup,state=36; vars=P13_001N;P12_020N;P12_021N;P12_022N;P12_023N;P12_024N;P12_025N;P12_044N;P12_045N;P12_046N;P12_047N;P12_048N;P12_049N;P1_001N;P5_004N;P5_010N;H4_004N;H4_001N;P5_003N,2026-08-19 00:48:10.653254,305330
2020/dhc/blockgroup,state=37; vars=P13_001N;P12_020N;P12_021N;P12_022N;P12_023N;P12_024N;P12_025N;P12_044N;P12_045N;P12_046N;P12_047N;P12_048N;P12_049N;P1_001N;P5_004N;P5_010N;H4_004N;H4_001N;P5_003N,2026-08-19 00:48:13.936739,135109
2020/dhc/blockgroup,state=38; vars=P13_001N;P12_020N;P12_021N;P12_022N;P12_023N;P12_024N;P12_025N;P12_044N;P12_045N;P12_046N;P12_047N;P12_048N;P12_049N;P1_001N;P5_004N;P5_010N;H4_004N;H4_001N;P5_003N,2026-08-19 00:48:15.145085,12008
2020/dhc/blockgroup,state=39; vars=P13_001N;P12_020N;P12_021N;P12_022N;P12_023N;P12_024N;P12_025N;P12_044N;P12_045N;P12_046N;P12_047N;P12_048N;P12_049N;P1_001N;P5_004N;P5_010N;H4_004N;H4_001N;P5_003N,2026-08-19 00:48:18.93885,179968
2020/dhc/blockgroup,state=40; vars=P13_001N;P12_020N;P12_021N;P12_022N;P12_023N;P12_024N;P12_025N;P12_044N;P12_045N;P12_046N;P12_047N;P12_048N;P12_049N;P1_001N;P5_004N;P5_010N;H4_004N;H4_001N;P5_003N,2026-08-19 00:48:21.39546,64106
2020/dhc/blockgroup,state=41; vars=P13_001N;P12_020N;P12_021N;P12_022N;P12_023N;P12_024N;P12_025N;P12_044N;P12_045N;P12_046N;P12_047N;P12_048N;P12_049N;P1_001N;P5_004N;P5_010N;H4_004N;H4_001N;P5_003N,2026-08-19 00:48:23.488884,56430
2020/dhc/blockgroup,state=42; vars=P13_001N;P12_020N;P12_021N;P12_022N;P12_023N;P12_024N;P12_025N;P12_044N;P12_045N;P12_046N;P12_047N;P12_048N;P12_049N;P1_001N;P5_004N;P5_010N;H4_004N;H4_001N;P5_003N,2026-08-19 00:48:27.20754,193287
2020/dhc/blockgroup,state=44; vars=P13_001N;P12_020N;P12_021N;P12_022N;P12_023N;P12_024N;P12_025N;P12_044N;P12_045N;P12_046N;P12_047N;P12_048N;P12_049N;P1_001N;P5_004N;P5_010N;H4_004N;H4_001N;P5_003N,2026-08-19 00:48:28.575001,15048
2020/dhc/blockgroup,state=45; vars=P13_001N;P12_020N;P12_021N;P12_022N;P12_023N;P12_024N;P12_025N;P12_044N;P12_045N;P12_046N;P12_047N;P12_048N;P12_049N;P1_001N;P5_004N;P5_010N;H4_004N;H4_001N;P5_003N,2026-08-19 00:48:31.170666,64752
2020/dhc/blockgroup,state=46; vars=P13_001N;P12_020N;P12_021N;P12_022N;P12_023N;P12_024N;P12_025N;P12_044N;P12_045N;P12_046N;P12_047N;P12_048N;P12_049N;P1_001N;P5_004N;P5_010N;H4_004N;H4_001N;P5_003N,2026-08-19 00:48:32.573055,13186
2020/dhc/blockgroup,state=47; vars=P13_001N;P12_020N;P12_021N;P12_022N;P12_023N;P12_024N;P12_025N;P12_044N;P12_045N;P12_046N;P12_047N;P12_048N;P12_049N;P1_001N;P5_004N;P5_010N;H4_004N;H4_001N;P5_003N,2026-08-19 00:48:35.176797,86678
2020/dhc/blockgroup,state=48; vars=P13_001N;P12_020N;P12_021N;P12_022N;P12_023N;P12_024N;P12_025N;P12_044N;P12_045N;P12_046N;P12_047N;P12_048N;P12_049N;P1_001N;P5_004N;P5_010N;H4_004N;H4_001N;P5_003N,2026-08-19 00:48:42.615226,354122
2020/dhc/blockgroup,state=49; vars=P13_001N;P12_020N;P12_021N;P12_022N;P12_023N;P12_024N;P12_025N;P12_044N;P12_045N;P12_046N;P12_047N;P12_048N;P12_049N;P1_001N;P5_004N;P5_010N;H4_004N;H4_001N;P5_003N,2026-08-19 00:48:44.251645,38380
2020/dhc/blockgroup,state=50; vars=P13_001N;P12_020N;P12_021N;P12_022N;P12_023N;P12_024N;P12_025N;P12_044N;P12_045N;P12_046N;P12_047N;P12_048N;P12_049N;P1_001N;P5_004N;P5_010N;H4_004N;H4_001N;P5_003N,2026-08-19 00:48:45.499765,10488
2020/dhc/blockgroup,state=51; vars=P13_001N;P12_020N;P12_021N;P12_022N;P12_023N;P12_024N;P12_025N;P12_044N;P12_045N;P12_046N;P12_047N;P12_048N;P12_049N;P1_001N;P5_004N;P5_010N;H4_004N;H4_001N;P5_003N,2026-08-19 00:48:48.653,113297
2020/dhc/blockgroup,state=53; vars=P13_001N;P12_020N;P12_021N;P12_022N;P12_023N;P12_024N;P12_025N;P12_044N;P12_045N;P12_046N;P12_047N;P12_048N;P12_049N;P1_001N;P5_004N;P5_010N;H4_004N;H4_001N;P5_003N,2026-08-19 00:48:51.386725,100909
2020/dhc/blockgroup,state=54; vars=P13_001N;P12_020N;P12_021N;P12_022N;P12_023N;P12_024N;P12_025N;P12_044N;P12_045N;P12_046N;P12_047N;P12_048N;P12_049N;P1_001N;P5_004N;P5_010N;H4_004N;H4_001N;P5_003N,2026-08-19 00:48:53.300391,31141
2020/dhc/blockgroup,state=55; vars=P13_001N;P12_020N;P12_021N;P12_022N;P12_023N;P12_024N;P12_025N;P12_044N;P12_045N;P12_046N;P12_047N;P12_048N;P12_049N;P1_001N;P5_004N;P5_010N;H4_004N;H4_001N;P5_003N,2026-08-19 00:48:55.858251,89148
2020/dhc/blockgroup,state=56; vars=P13_001N;P12_020N;P12_021N;P12_022N;P12_023N;P12_024N;P12_025N;P12_044N;P12_045N;P12_046N;P12_047N;P12_048N;P12_049N;P1_001N;P5_004N;P5_010N;H4_004N;H4_001N;P5_003N,2026-08-19 00:48:57.064914,8683
2000/sf3/state,P053001;P037003;P037004;P037005;P037006;P037007;P037008;P037009;P037010;P037011;P037020;P037021;P037022;P037023;P037024;P037025;P037026;P037027;P037028;P037001;H020005;H020006;H020007;H020011;H020012;H020013;H020001;P087002;P087001;P043007;P043014;P043005;P043012,2026-08-19 00:48:58.583219,1617
2000/sf3/county,P053001;P037003;P037004;P037005;P037006;P037007;P037008;P037009;P037010;P037011;P037020;P037021;P037022;P037023;P037024;P037025;P037026;P037027;P037028;P037001;H020005;H020006;H020007;H020011;H020012;H020013;H020001;P087002;P087001;P043007;P043014;P043005;P043012,2026-08-19 00:49:07.862851,102597
2000/sf3/tract,state=01; vars=P053001;P037003;P037004;P037005;P037006;P037007;P037008;P037009;P037010;P037011;P037020;P037021;P037022;P037023;P037024;P037025;P037026;P037027;P037028;P037001;H020005;H020006;H020007;H020011;H020012;H020013;H020001;P087002;P087001;P043007;P043014;P043005;P043012,2026-08-19 00:49:09.103374,35673
2000/sf3/tract,state=04; vars=P053001;P037003;P037004;P037005;P037006;P037007;P037008;P037009;P037010;P037011;P037020;P037021;P037022;P037023;P037024;P037025;P037026;P037027;P037028;P037001;H020005;H020006;H020007;H020011;H020012;H020013;H020001;P087002;P087001;P043007;P043014;P043005;P043012,2026-08-19 00:49:10.425822,36531
2000/sf3/tract,state=05; vars=P053001;P037003;P037004;P037005;P037006;P037007;P037008;P037009;P037010;P037011;P037020;P037021;P037022;P037023;P037024;P037025;P037026;P037027;P037028;P037001;H020005;H020006;H020007;H020011;H020012;H020013;H020001;P087002;P087001;P043007;P043014;P043005;P043012,2026-08-19 00:49:11.454678,20592
2000/sf3/tract,state=06; vars=P053001;P037003;P037004;P037005;P037006;P037007;P037008;P037009;P037010;P037011;P037020;P037021;P037022;P037023;P037024;P037025;P037026;P037027;P037028;P037001;H020005;H020006;H020007;H020011;H020012;H020013;H020001;P087002;P087001;P043007;P043014;P043005;P043012,2026-08-19 00:49:15.506515,232617
2000/sf3/tract,state=08; vars=P053001;P037003;P037004;P037005;P037006;P037007;P037008;P037009;P037010;P037011;P037020;P037021;P037022;P037023;P037024;P037025;P037026;P037027;P037028;P037001;H020005;H020006;H020007;H020011;H020012;H020013;H020001;P087002;P087001;P043007;P043014;P043005;P043012,2026-08-19 00:49:18.375225,35046
2000/sf3/tract,state=09; vars=P053001;P037003;P037004;P037005;P037006;P037007;P037008;P037009;P037010;P037011;P037020;P037021;P037022;P037023;P037024;P037025;P037026;P037027;P037028;P037001;H020005;H020006;H020007;H020011;H020012;H020013;H020001;P087002;P087001;P043007;P043014;P043005;P043012,2026-08-19 00:49:19.512862,27027
2000/sf3/tract,state=10; vars=P053001;P037003;P037004;P037005;P037006;P037007;P037008;P037009;P037010;P037011;P037020;P037021;P037022;P037023;P037024;P037025;P037026;P037027;P037028;P037001;H020005;H020006;H020007;H020011;H020012;H020013;H020001;P087002;P087001;P043007;P043014;P043005;P043012,2026-08-19 00:49:20.162476,6501
2000/sf3/tract,state=11; vars=P053001;P037003;P037004;P037005;P037006;P037007;P037008;P037009;P037010;P037011;P037020;P037021;P037022;P037023;P037024;P037025;P037026;P037027;P037028;P037001;H020005;H020006;H020007;H020011;H020012;H020013;H020001;P087002;P087001;P043007;P043014;P043005;P043012,2026-08-19 00:49:20.817069,6204
2000/sf3/tract,state=12; vars=P053001;P037003;P037004;P037005;P037006;P037007;P037008;P037009;P037010;P037011;P037020;P037021;P037022;P037023;P037024;P037025;P037026;P037027;P037028;P037001;H020005;H020006;H020007;H020011;H020012;H020013;H020001;P087002;P087001;P043007;P043014;P043005;P043012,2026-08-19 00:49:22.951286,104082
2000/sf3/tract,state=13; vars=P053001;P037003;P037004;P037005;P037006;P037007;P037008;P037009;P037010;P037011;P037020;P037021;P037022;P037023;P037024;P037025;P037026;P037027;P037028;P037001;H020005;H020006;H020007;H020011;H020012;H020013;H020001;P087002;P087001;P043007;P043014;P043005;P043012,2026-08-19 00:49:24.186929,53394
2000/sf3/tract,state=16; vars=P053001;P037003;P037004;P037005;P037006;P037007;P037008;P037009;P037010;P037011;P037020;P037021;P037022;P037023;P037024;P037025;P037026;P037027;P037028;P037001;H020005;H020006;H020007;H020011;H020012;H020013;H020001;P087002;P087001;P043007;P043014;P043005;P043012,2026-08-19 00:49:24.989462,9240
2000/sf3/tract,state=17; vars=P053001;P037003;P037004;P037005;P037006;P037007;P037008;P037009;P037010;P037011;P037020;P037021;P037022;P037023;P037024;P037025;P037026;P037027;P037028;P037001;H020005;H020006;H020007;H020011;H020012;H020013;H020001;P087002;P087001;P043007;P043014;P043005;P043012,2026-08-19 00:49:26.599659,97878
2000/sf3/tract,state=18; vars=P053001;P037003;P037004;P037005;P037006;P037007;P037008;P037009;P037010;P037011;P037020;P037021;P037022;P037023;P037024;P037025;P037026;P037027;P037028;P037001;H020005;H020006;H020007;H020011;H020012;H020013;H020001;P087002;P087001;P043007;P043014;P043005;P043012,2026-08-19 00:49:27.762572,46662
2000/sf3/tract,state=19; vars=P053001;P037003;P037004;P037005;P037006;P037007;P037008;P037009;P037010;P037011;P037020;P037021;P037022;P037023;P037024;P037025;P037026;P037027;P037028;P037001;H020005;H020006;H020007;H020011;H020012;H020013;H020001;P087002;P087001;P043007;P043014;P043005;P043012,2026-08-19 00:49:28.759875,26169
2000/sf3/tract,state=20; vars=P053001;P037003;P037004;P037005;P037006;P037007;P037008;P037009;P037010;P037011;P037020;P037021;P037022;P037023;P037024;P037025;P037026;P037027;P037028;P037001;H020005;H020006;H020007;H020011;H020012;H020013;H020001;P087002;P087001;P043007;P043014;P043005;P043012,2026-08-19 00:49:29.575805,23991
2000/sf3/tract,state=21; vars=P053001;P037003;P037004;P037005;P037006;P037007;P037008;P037009;P037010;P037011;P037020;P037021;P037022;P037023;P037024;P037025;P037026;P037027;P037028;P037001;H020005;H020006;H020007;H020011;H020012;H020013;H020001;P087002;P087001;P043007;P043014;P043005;P043012,2026-08-19 00:49:30.459736,32802
2000/sf3/tract,state=22; vars=P053001;P037003;P037004;P037005;P037006;P037007;P037008;P037009;P037010;P037011;P037020;P037021;P037022;P037023;P037024;P037025;P037026;P037027;P037028;P037001;H020005;H020006;H020007;H020011;H020012;H020013;H020001;P087002;P087001;P043007;P043014;P043005;P043012,2026-08-19 00:49:31.596459,36498
2000/sf3/tract,state=23; vars=P053001;P037003;P037004;P037005;P037006;P037007;P037008;P037009;P037010;P037011;P037020;P037021;P037022;P037023;P037024;P037025;P037026;P037027;P037028;P037001;H020005;H020006;H020007;H020011;H020012;H020013;H020001;P087002;P087001;P043007;P043014;P043005;P043012,2026-08-19 00:49:32.439785,11484
2000/sf3/tract,state=24; vars=P053001;P037003;P037004;P037005;P037006;P037007;P037008;P037009;P037010;P037011;P037020;P037021;P037022;P037023;P037024;P037025;P037026;P037027;P037028;P037001;H020005;H020006;H020007;H020011;H020012;H020013;H020001;P087002;P087001;P043007;P043014;P043005;P043012,2026-08-19 00:49:33.49566,40194
2000/sf3/tract,state=25; vars=P053001;P037003;P037004;P037005;P037006;P037007;P037008;P037009;P037010;P037011;P037020;P037021;P037022;P037023;P037024;P037025;P037026;P037027;P037028;P037001;H020005;H020006;H020007;H020011;H020012;H020013;H020001;P087002;P087001;P043007;P043014;P043005;P043012,2026-08-19 00:49:34.906024,45111
2000/sf3/tract,state=26; vars=P053001;P037003;P037004;P037005;P037006;P037007;P037008;P037009;P037010;P037011;P037020;P037021;P037022;P037023;P037024;P037025;P037026;P037027;P037028;P037001;H020005;H020006;H020007;H020011;H020012;H020013;H020001;P087002;P087001;P043007;P043014;P043005;P043012,2026-08-19 00:49:36.663826,90981
2000/sf3/tract,state=27; vars=P053001;P037003;P037004;P037005;P037006;P037007;P037008;P037009;P037010;P037011;P037020;P037021;P037022;P037023;P037024;P037025;P037026;P037027;P037028;P037001;H020005;H020006;H020007;H020011;H020012;H020013;H020001;P087002;P087001;P043007;P043014;P043005;P043012,2026-08-19 00:49:37.801084,42999
2000/sf3/tract,state=28; vars=P053001;P037003;P037004;P037005;P037006;P037007;P037008;P037009;P037010;P037011;P037020;P037021;P037022;P037023;P037024;P037025;P037026;P037027;P037028;P037001;H020005;H020006;H020007;H020011;H020012;H020013;H020001;P087002;P087001;P043007;P043014;P043005;P043012,2026-08-19 00:49:38.711292,19965
2000/sf3/tract,state=29; vars=P053001;P037003;P037004;P037005;P037006;P037007;P037008;P037009;P037010;P037011;P037020;P037021;P037022;P037023;P037024;P037025;P037026;P037027;P037028;P037001;H020005;H020006;H020007;H020011;H020012;H020013;H020001;P087002;P087001;P043007;P043014;P043005;P043012,2026-08-19 00:49:39.830906,43560
2000/sf3/tract,state=30; vars=P053001;P037003;P037004;P037005;P037006;P037007;P037008;P037009;P037010;P037011;P037020;P037021;P037022;P037023;P037024;P037025;P037026;P037027;P037028;P037001;H020005;H020006;H020007;H020011;H020012;H020013;H020001;P087002;P087001;P043007;P043014;P043005;P043012,2026-08-19 00:49:40.768354,8910
2000/sf3/tract,state=31; vars=P053001;P037003;P037004;P037005;P037006;P037007;P037008;P037009;P037010;P037011;P037020;P037021;P037022;P037023;P037024;P037025;P037026;P037027;P037028;P037001;H020005;H020006;H020007;H020011;H020012;H020013;H020001;P087002;P087001;P043007;P043014;P043005;P043012,2026-08-19 00:49:41.499871,16599
2000/sf3/tract,state=32; vars=P053001;P037003;P037004;P037005;P037006;P037007;P037008;P037009;P037010;P037011;P037020;P037021;P037022;P037023;P037024;P037025;P037026;P037027;P037028;P037001;H020005;H020006;H020007;H020011;H020012;H020013;H020001;P087002;P087001;P043007;P043014;P043005;P043012,2026-08-19 00:49:42.301969,16071
2000/sf3/tract,state=33; vars=P053001;P037003;P037004;P037005;P037006;P037007;P037008;P037009;P037010;P037011;P037020;P037021;P037022;P037023;P037024;P037025;P037026;P037027;P037028;P037001;H020005;H020006;H020007;H020011;H020012;H020013;H020001;P087002;P087001;P043007;P043014;P043005;P043012,2026-08-19 00:49:42.961165,9009
2000/sf3/tract,state=34; vars=P053001;P037003;P037004;P037005;P037006;P037007;P037008;P037009;P037010;P037011;P037020;P037021;P037022;P037023;P037024;P037025;P037026;P037027;P037028;P037001;H020005;H020006;H020007;H020011;H020012;H020013;H020001;P087002;P087001;P043007;P043014;P043005;P043012,2026-08-19 00:49:44.408279,64350
2000/sf3/tract,state=35; vars=P053001;P037003;P037004;P037005;P037006;P037007;P037008;P037009;P037010;P037011;P037020;P037021;P037022;P037023;P037024;P037025;P037026;P037027;P037028;P037001;H020005;H020006;H020007;H020011;H020012;H020013;H020001;P087002;P087001;P043007;P043014;P043005;P043012,2026-08-19 00:49:45.214448,15048
2000/sf3/tract,state=36; vars=P053001;P037003;P037004;P037005;P037006;P037007;P037008;P037009;P037010;P037011;P037020;P037021;P037022;P037023;P037024;P037025;P037026;P037027;P037028;P037001;H020005;H020006;H020007;H020011;H020012;H020013;H020001;P087002;P087001;P043007;P043014;P043005;P043012,2026-08-19 00:49:48.569767,161931
2000/sf3/tract,state=37; vars=P053001;P037003;P037004;P037005;P037006;P037007;P037008;P037009;P037010;P037011;P037020;P037021;P037022;P037023;P037024;P037025;P037026;P037027;P037028;P037001;H020005;H020006;H020007;H020011;H020012;H020013;H020001;P087002;P087001;P043007;P043014;P043005;P043012,2026-08-19 00:49:49.886633,51579
2000/sf3/tract,state=38; vars=P053001;P037003;P037004;P037005;P037006;P037007;P037008;P037009;P037010;P037011;P037020;P037021;P037022;P037023;P037024;P037025;P037026;P037027;P037028;P037001;H020005;H020006;H020007;H020011;H020012;H020013;H020001;P087002;P087001;P043007;P043014;P043005;P043012,2026-08-19 00:49:50.699324,7491
2000/sf3/tract,state=39; vars=P053001;P037003;P037004;P037005;P037006;P037007;P037008;P037009;P037010;P037011;P037020;P037021;P037022;P037023;P037024;P037025;P037026;P037027;P037028;P037001;H020005;H020006;H020007;H020011;H020012;H020013;H020001;P087002;P087001;P043007;P043014;P043005;P043012,2026-08-19 00:49:53.105563,97053
2000/sf3/tract,state=40; vars=P053001;P037003;P037004;P037005;P037006;P037007;P037008;P037009;P037010;P037011;P037020;P037021;P037022;P037023;P037024;P037025;P037026;P037027;P037028;P037001;H020005;H020006;H020007;H020011;H020012;H020013;H020001;P087002;P087001;P043007;P043014;P043005;P043012,2026-08-19 00:49:54.286427,32670
2000/sf3/tract,state=41; vars=P053001;P037003;P037004;P037005;P037006;P037007;P037008;P037009;P037010;P037011;P037020;P037021;P037022;P037023;P037024;P037025;P037026;P037027;P037028;P037001;H020005;H020006;H020007;H020011;H020012;H020013;H020001;P087002;P087001;P043007;P043014;P043005;P043012,2026-08-19 00:49:55.11251,24915
2000/sf3/tract,state=42; vars=P053001;P037003;P037004;P037005;P037006;P037007;P037008;P037009;P037010;P037011;P037020;P037021;P037022;P037023;P037024;P037025;P037026;P037027;P037028;P037001;H020005;H020006;H020007;H020011;H020012;H020013;H020001;P087002;P087001;P043007;P043014;P043005;P043012,2026-08-19 00:49:56.948369,103455
2000/sf3/tract,state=44; vars=P053001;P037003;P037004;P037005;P037006;P037007;P037008;P037009;P037010;P037011;P037020;P037021;P037022;P037023;P037024;P037025;P037026;P037027;P037028;P037001;H020005;H020006;H020007;H020011;H020012;H020013;H020001;P087002;P087001;P043007;P043014;P043005;P043012,2026-08-19 00:49:57.597328,7722
2000/sf3/tract,state=45; vars=P053001;P037003;P037004;P037005;P037006;P037007;P037008;P037009;P037010;P037011;P037020;P037021;P037022;P037023;P037024;P037025;P037026;P037027;P037028;P037001;H020005;H020006;H020007;H020011;H020012;H020013;H020001;P087002;P087001;P043007;P043014;P043005;P043012,2026-08-19 00:49:58.630426,28611
2000/sf3/tract,state=46; vars=P053001;P037003;P037004;P037005;P037006;P037007;P037008;P037009;P037010;P037011;P037020;P037021;P037022;P037023;P037024;P037025;P037026;P037027;P037028;P037001;H020005;H020006;H020007;H020011;H020012;H020013;H020001;P087002;P087001;P043007;P043014;P043005;P043012,2026-08-19 00:49:59.350173,7755
2000/sf3/tract,state=47; vars=P053001;P037003;P037004;P037005;P037006;P037007;P037008;P037009;P037010;P037011;P037020;P037021;P037022;P037023;P037024;P037025;P037026;P037027;P037028;P037001;H020005;H020006;H020007;H020011;H020012;H020013;H020001;P087002;P087001;P043007;P043014;P043005;P043012,2026-08-19 00:50:00.517052,41613
2000/sf3/tract,state=48; vars=P053001;P037003;P037004;P037005;P037006;P037007;P037008;P037009;P037010;P037011;P037020;P037021;P037022;P037023;P037024;P037025;P037026;P037027;P037028;P037001;H020005;H020006;H020007;H020011;H020012;H020013;H020001;P087002;P087001;P043007;P043014;P043005;P043012,2026-08-19 00:50:03.723779,144804
2000/sf3/tract,state=49; vars=P053001;P037003;P037004;P037005;P037006;P037007;P037008;P037009;P037010;P037011;P037020;P037021;P037022;P037023;P037024;P037025;P037026;P037027;P037028;P037001;H020005;H020006;H020007;H020011;H020012;H020013;H020001;P087002;P087001;P043007;P043014;P043005;P043012,2026-08-19 00:50:04.4857,16368
2000/sf3/tract,state=50; vars=P053001;P037003;P037004;P037005;P037006;P037007;P037008;P037009;P037010;P037011;P037020;P037021;P037022;P037023;P037024;P037025;P037026;P037027;P037028;P037001;H020005;H020006;H020007;H020011;H020012;H020013;H020001;P087002;P087001;P043007;P043014;P043005;P043012,2026-08-19 00:50:05.210847,5907
2000/sf3/tract,state=51; vars=P053001;P037003;P037004;P037005;P037006;P037007;P037008;P037009;P037010;P037011;P037020;P037021;P037022;P037023;P037024;P037025;P037026;P037027;P037028;P037001;H020005;H020006;H020007;H020011;H020012;H020013;H020001;P087002;P087001;P043007;P043014;P043005;P043012,2026-08-19 00:50:06.594532,50853
2000/sf3/tract,state=53; vars=P053001;P037003;P037004;P037005;P037006;P037007;P037008;P037009;P037010;P037011;P037020;P037021;P037022;P037023;P037024;P037025;P037026;P037027;P037028;P037001;H020005;H020006;H020007;H020011;H020012;H020013;H020001;P087002;P087001;P043007;P043014;P043005;P043012,2026-08-19 00:50:07.712563,43494
2000/sf3/tract,state=54; vars=P053001;P037003;P037004;P037005;P037006;P037007;P037008;P037009;P037010;P037011;P037020;P037021;P037022;P037023;P037024;P037025;P037026;P037027;P037028;P037001;H020005;H020006;H020007;H020011;H020012;H020013;H020001;P087002;P087001;P043007;P043014;P043005;P043012,2026-08-19 00:50:08.611566,15378
2000/sf3/tract,state=55; vars=P053001;P037003;P037004;P037005;P037006;P037007;P037008;P037009;P037010;P037011;P037020;P037021;P037022;P037023;P037024;P037025;P037026;P037027;P037028;P037001;H020005;H020006;H020007;H020011;H020012;H020013;H020001;P087002;P087001;P043007;P043014;P043005;P043012,2026-08-19 00:50:09.734113,43989
2000/sf3/tract,state=56; vars=P053001;P037003;P037004;P037005;P037006;P037007;P037008;P037009;P037010;P037011;P037020;P037021;P037022;P037023;P037024;P037025;P037026;P037027;P037028;P037001;H020005;H020006;H020007;H020011;H020012;H020013;H020001;P087002;P087001;P043007;P043014;P043005;P043012,2026-08-19 00:50:10.416313,4191
2000/sf3/zcta,P053001;P037003;P037004;P037005;P037006;P037007;P037008;P037009;P037010;P037011;P037020;P037021;P037022;P037023;P037024;P037025;P037026;P037027;P037028;P037001;H020005;H020006;H020007;H020011;H020012;H020013;H020001;P087002;P087001;P043007;P043014;P043005;P043012,2026-08-19 00:50:21.075747,1042173
2000/sf3/blockgroup,state=01; vars=P053001;P037003;P037004;P037005;P037006;P037007;P037008;P037009;P037010;P037011;P037020;P037021;P037022;P037023;P037024;P037025;P037026;P037027;P037028;P037001;H020005;H020006;H020007;H020011;H020012;H020013;H020001;P087002;P087001;P043007;P043014;P043005;P043012,2026-08-19 00:50:23.244181,109857
2000/sf3/blockgroup,state=04; vars=P053001;P037003;P037004;P037005;P037006;P037007;P037008;P037009;P037010;P037011;P037020;P037021;P037022;P037023;P037024;P037025;P037026;P037027;P037028;P037001;H020005;H020006;H020007;H020011;H020012;H020013;H020001;P087002;P087001;P043007;P043014;P043005;P043012,2026-08-19 00:50:25.281911,117810
2000/sf3/blockgroup,state=05; vars=P053001;P037003;P037004;P037005;P037006;P037007;P037008;P037009;P037010;P037011;P037020;P037021;P037022;P037023;P037024;P037025;P037026;P037027;P037028;P037001;H020005;H020006;H020007;H020011;H020012;H020013;H020001;P087002;P087001;P043007;P043014;P043005;P043012,2026-08-19 00:50:27.399756,70455
2000/sf3/blockgroup,state=06; vars=P053001;P037003;P037004;P037005;P037006;P037007;P037008;P037009;P037010;P037011;P037020;P037021;P037022;P037023;P037024;P037025;P037026;P037027;P037028;P037001;H020005;H020006;H020007;H020011;H020012;H020013;H020001;P087002;P087001;P043007;P043014;P043005;P043012,2026-08-19 00:50:36.51692,730389
2000/sf3/blockgroup,state=08; vars=P053001;P037003;P037004;P037005;P037006;P037007;P037008;P037009;P037010;P037011;P037020;P037021;P037022;P037023;P037024;P037025;P037026;P037027;P037028;P037001;H020005;H020006;H020007;H020011;H020012;H020013;H020001;P087002;P087001;P043007;P043014;P043005;P043012,2026-08-19 00:50:38.618224,108174
2000/sf3/blockgroup,state=09; vars=P053001;P037003;P037004;P037005;P037006;P037007;P037008;P037009;P037010;P037011;P037020;P037021;P037022;P037023;P037024;P037025;P037026;P037027;P037028;P037001;H020005;H020006;H020007;H020011;H020012;H020013;H020001;P087002;P087001;P043007;P043014;P043005;P043012,2026-08-19 00:50:40.318385,86460
2000/sf3/blockgroup,state=10; vars=P053001;P037003;P037004;P037005;P037006;P037007;P037008;P037009;P037010;P037011;P037020;P037021;P037022;P037023;P037024;P037025;P037026;P037027;P037028;P037001;H020005;H020006;H020007;H020011;H020012;H020013;H020001;P087002;P087001;P043007;P043014;P043005;P043012,2026-08-19 00:50:41.132237,16566
2000/sf3/blockgroup,state=11; vars=P053001;P037003;P037004;P037005;P037006;P037007;P037008;P037009;P037010;P037011;P037020;P037021;P037022;P037023;P037024;P037025;P037026;P037027;P037028;P037001;H020005;H020006;H020007;H020011;H020012;H020013;H020001;P087002;P087001;P043007;P043014;P043005;P043012,2026-08-19 00:50:42.14871,14289
2000/sf3/blockgroup,state=12; vars=P053001;P037003;P037004;P037005;P037006;P037007;P037008;P037009;P037010;P037011;P037020;P037021;P037022;P037023;P037024;P037025;P037026;P037027;P037028;P037001;H020005;H020006;H020007;H020011;H020012;H020013;H020001;P087002;P087001;P043007;P043014;P043005;P043012,2026-08-19 00:50:46.455106,300696
2000/sf3/blockgroup,state=13; vars=P053001;P037003;P037004;P037005;P037006;P037007;P037008;P037009;P037010;P037011;P037020;P037021;P037022;P037023;P037024;P037025;P037026;P037027;P037028;P037001;H020005;H020006;H020007;H020011;H020012;H020013;H020001;P087002;P087001;P043007;P043014;P043005;P043012,2026-08-19 00:50:50.586079,158004
2000/sf3/blockgroup,state=16; vars=P053001;P037003;P037004;P037005;P037006;P037007;P037008;P037009;P037010;P037011;P037020;P037021;P037022;P037023;P037024;P037025;P037026;P037027;P037028;P037001;H020005;H020006;H020007;H020011;H020012;H020013;H020001;P087002;P087001;P043007;P043014;P043005;P043012,2026-08-19 00:50:52.145591,31482
2000/sf3/blockgroup,state=17; vars=P053001;P037003;P037004;P037005;P037006;P037007;P037008;P037009;P037010;P037011;P037020;P037021;P037022;P037023;P037024;P037025;P037026;P037027;P037028;P037001;H020005;H020006;H020007;H020011;H020012;H020013;H020001;P087002;P087001;P043007;P043014;P043005;P043012,2026-08-19 00:50:57.173007,324819
2000/sf3/blockgroup,state=18; vars=P053001;P037003;P037004;P037005;P037006;P037007;P037008;P037009;P037010;P037011;P037020;P037021;P037022;P037023;P037024;P037025;P037026;P037027;P037028;P037001;H020005;H020006;H020007;H020011;H020012;H020013;H020001;P087002;P087001;P043007;P043014;P043005;P043012,2026-08-19 00:51:00.310349,158334
2000/sf3/blockgroup,state=19; vars=P053001;P037003;P037004;P037005;P037006;P037007;P037008;P037009;P037010;P037011;P037020;P037021;P037022;P037023;P037024;P037025;P037026;P037027;P037028;P037001;H020005;H020006;H020007;H020011;H020012;H020013;H020001;P087002;P087001;P043007;P043014;P043005;P043012,2026-08-19 00:51:02.738835,86922
2000/sf3/blockgroup,state=20; vars=P053001;P037003;P037004;P037005;P037006;P037007;P037008;P037009;P037010;P037011;P037020;P037021;P037022;P037023;P037024;P037025;P037026;P037027;P037028;P037001;H020005;H020006;H020007;H020011;H020012;H020013;H020001;P087002;P087001;P043007;P043014;P043005;P043012,2026-08-19 00:51:05.102975,75867
2000/sf3/blockgroup,state=21; vars=P053001;P037003;P037004;P037005;P037006;P037007;P037008;P037009;P037010;P037011;P037020;P037021;P037022;P037023;P037024;P037025;P037026;P037027;P037028;P037001;H020005;H020006;H020007;H020011;H020012;H020013;H020001;P087002;P087001;P043007;P043014;P043005;P043012,2026-08-19 00:51:07.951784,104181
2000/sf3/blockgroup,state=22; vars=P053001;P037003;P037004;P037005;P037006;P037007;P037008;P037009;P037010;P037011;P037020;P037021;P037022;P037023;P037024;P037025;P037026;P037027;P037028;P037001;H020005;H020006;H020007;H020011;H020012;H020013;H020001;P087002;P087001;P043007;P043014;P043005;P043012,2026-08-19 00:51:10.452455,115797
2000/sf3/blockgroup,state=23; vars=P053001;P037003;P037004;P037005;P037006;P037007;P037008;P037009;P037010;P037011;P037020;P037021;P037022;P037023;P037024;P037025;P037026;P037027;P037028;P037001;H020005;H020006;H020007;H020011;H020012;H020013;H020001;P087002;P087001;P043007;P043014;P043005;P043012,2026-08-19 00:51:12.018449,37719
2000/sf3/blockgroup,state=24; vars=P053001;P037003;P037004;P037005;P037006;P037007;P037008;P037009;P037010;P037011;P037020;P037021;P037022;P037023;P037024;P037025;P037026;P037027;P037028;P037001;H020005;H020006;H020007;H020011;H020012;H020013;H020001;P087002;P087001;P043007;P043014;P043005;P043012,2026-08-19 00:51:14.059094,121374
2000/sf3/blockgroup,state=25; vars=P053001;P037003;P037004;P037005;P037006;P037007;P037008;P037009;P037010;P037011;P037020;P037021;P037022;P037023;P037024;P037025;P037026;P037027;P037028;P037001;H020005;H020006;H020007;H020011;H020012;H020013;H020001;P087002;P087001;P043007;P043014;P043005;P043012,2026-08-19 00:51:16.451473,166749
2000/sf3/blockgroup,state=26; vars=P053001;P037003;P037004;P037005;P037006;P037007;P037008;P037009;P037010;P037011;P037020;P037021;P037022;P037023;P037024;P037025;P037026;P037027;P037028;P037001;H020005;H020006;H020007;H020011;H020012;H020013;H020001;P087002;P087001;P043007;P043014;P043005;P043012,2026-08-19 00:51:20.984445,278850
2000/sf3/blockgroup,state=27; vars=P053001;P037003;P037004;P037005;P037006;P037007;P037008;P037009;P037010;P037011;P037020;P037021;P037022;P037023;P037024;P037025;P037026;P037027;P037028;P037001;H020005;H020006;H020007;H020011;H020012;H020013;H020001;P087002;P087001;P043007;P043014;P043005;P043012,2026-08-19 00:51:23.752836,134706
2000/sf3/blockgroup,state=28; vars=P053001;P037003;P037004;P037005;P037006;P037007;P037008;P037009;P037010;P037011;P037020;P037021;P037022;P037023;P037024;P037025;P037026;P037027;P037028;P037001;H020005;H020006;H020007;H020011;H020012;H020013;H020001;P087002;P087001;P043007;P043014;P043005;P043012,2026-08-19 00:51:25.883085,70884
2000/sf3/blockgroup,state=29; vars=P053001;P037003;P037004;P037005;P037006;P037007;P037008;P037009;P037010;P037011;P037020;P037021;P037022;P037023;P037024;P037025;P037026;P037027;P037028;P037001;H020005;H020006;H020007;H020011;H020012;H020013;H020001;P087002;P087001;P043007;P043014;P043005;P043012,2026-08-19 00:51:29.655837,149820
2000/sf3/blockgroup,state=30; vars=P053001;P037003;P037004;P037005;P037006;P037007;P037008;P037009;P037010;P037011;P037020;P037021;P037022;P037023;P037024;P037025;P037026;P037027;P037028;P037001;H020005;H020006;H020007;H020011;H020012;H020013;H020001;P087002;P087001;P043007;P043014;P043005;P043012,2026-08-19 00:51:31.153932,28842
2000/sf3/blockgroup,state=31; vars=P053001;P037003;P037004;P037005;P037006;P037007;P037008;P037009;P037010;P037011;P037020;P037021;P037022;P037023;P037024;P037025;P037026;P037027;P037028;P037001;H020005;H020006;H020007;H020011;H020012;H020013;H020001;P087002;P087001;P043007;P043014;P043005;P043012,2026-08-19 00:51:33.227734,52503
2000/sf3/blockgroup,state=32; vars=P053001;P037003;P037004;P037005;P037006;P037007;P037008;P037009;P037010;P037011;P037020;P037021;P037022;P037023;P037024;P037025;P037026;P037027;P037028;P037001;H020005;H020006;H020007;H020011;H020012;H020013;H020001;P087002;P087001;P043007;P043014;P043005;P043012,2026-08-19 00:51:34.430558,41085
2000/sf3/blockgroup,state=33; vars=P053001;P037003;P037004;P037005;P037006;P037007;P037008;P037009;P037010;P037011;P037020;P037021;P037022;P037023;P037024;P037025;P037026;P037027;P037028;P037001;H020005;H020006;H020007;H020011;H020012;H020013;H020001;P087002;P087001;P043007;P043014;P043005;P043012,2026-08-19 00:51:35.430481,28842
2000/sf3/blockgroup,state=34; vars=P053001;P037003;P037004;P037005;P037006;P037007;P037008;P037009;P037010;P037011;P037020;P037021;P037022;P037023;P037024;P037025;P037026;P037027;P037028;P037001;H020005;H020006;H020007;H020011;H020012;H020013;H020001;P087002;P087001;P043007;P043014;P043005;P043012,2026-08-19 00:51:39.116493,214830
2000/sf3/blockgroup,state=35; vars=P053001;P037003;P037004;P037005;P037006;P037007;P037008;P037009;P037010;P037011;P037020;P037021;P037022;P037023;P037024;P037025;P037026;P037027;P037028;P037001;H020005;H020006;H020007;H020011;H020012;H020013;H020001;P087002;P087001;P043007;P043014;P043005;P043012,2026-08-19 00:51:40.543149,46629
2000/sf3/blockgroup,state=36; vars=P053001;P037003;P037004;P037005;P037006;P037007;P037008;P037009;P037010;P037011;P037020;P037021;P037022;P037023;P037024;P037025;P037026;P037027;P037028;P037001;H020005;H020006;H020007;H020011;H020012;H020013;H020001;P087002;P087001;P043007;P043014;P043005;P043012,2026-08-19 00:51:46.709464,497607
2000/sf3/blockgroup,state=37; vars=P053001;P037003;P037004;P037005;P037006;P037007;P037008;P037009;P037010;P037011;P037020;P037021;P037022;P037023;P037024;P037025;P037026;P037027;P037028;P037001;H020005;H020006;H020007;H020011;H020012;H020013;H020001;P087002;P087001;P043007;P043014;P043005;P043012,2026-08-19 00:51:50.879168,173943
2000/sf3/blockgroup,state=38; vars=P053001;P037003;P037004;P037005;P037006;P037007;P037008;P037009;P037010;P037011;P037020;P037021;P037022;P037023;P037024;P037025;P037026;P037027;P037028;P037001;H020005;H020006;H020007;H020011;H020012;H020013;H020001;P087002;P087001;P043007;P043014;P043005;P043012,2026-08-19 00:51:52.217346,20790
2000/sf3/blockgroup,state=39; vars=P053001;P037003;P037004;P037005;P037006;P037007;P037008;P037009;P037010;P037011;P037020;P037021;P037022;P037023;P037024;P037025;P037026;P037027;P037028;P037001;H020005;H020006;H020007;H020011;H020012;H020013;H020001;P087002;P087001;P043007;P043014;P043005;P043012,2026-08-19 00:51:57.210302,308682
2000/sf3/blockgroup,state=40; vars=P053001;P037003;P037004;P037005;P037006;P037007;P037008;P037009;P037010;P037011;P037020;P037021;P037022;P037023;P037024;P037025;P037026;P037027;P037028;P037001;H020005;H020006;H020007;H020011;H020012;H020013;H020001;P087002;P087001;P043007;P043014;P043005;P043012,2026-08-19 00:51:59.643749,95733
2000/sf3/blockgroup,state=41; vars=P053001;P037003;P037004;P037005;P037006;P037007;P037008;P037009;P037010;P037011;P037020;P037021;P037022;P037023;P037024;P037025;P037026;P037027;P037028;P037001;H020005;H020006;H020007;H020011;H020012;H020013;H020001;P087002;P087001;P043007;P043014;P043005;P043012,2026-08-19 00:52:01.5162,82170
2000/sf3/blockgroup,state=42; vars=P053001;P037003;P037004;P037005;P037006;P037007;P037008;P037009;P037010;P037011;P037020;P037021;P037022;P037023;P037024;P037025;P037026;P037027;P037028;P037001;H020005;H020006;H020007;H020011;H020012;H020013;H020001;P087002;P087001;P043007;P043014;P043005;P043012,2026-08-19 00:52:07.163358,342771
2000/sf3/blockgroup,state=44; vars=P053001;P037003;P037004;P037005;P037006;P037007;P037008;P037009;P037010;P037011;P037020;P037021;P037022;P037023;P037024;P037025;P037026;P037027;P037028;P037001;H020005;H020006;H020007;H020011;H020012;H020013;H020001;P087002;P087001;P043007;P043014;P043005;P043012,2026-08-19 00:52:08.158879,27093
2000/sf3/blockgroup,state=45; vars=P053001;P037003;P037004;P037005;P037006;P037007;P037008;P037009;P037010;P037011;P037020;P037021;P037022;P037023;P037024;P037025;P037026;P037027;P037028;P037001;H020005;H020006;H020007;H020011;H020012;H020013;H020001;P087002;P087001;P043007;P043014;P043005;P043012,2026-08-19 00:52:10.492502,94347
2000/sf3/blockgroup,state=46; vars=P053001;P037003;P037004;P037005;P037006;P037007;P037008;P037009;P037010;P037011;P037020;P037021;P037022;P037023;P037024;P037025;P037026;P037027;P037028;P037001;H020005;H020006;H020007;H020011;H020012;H020013;H020001;P087002;P087001;P043007;P043014;P043005;P043012,2026-08-19 00:52:11.975933,22704
2000/sf3/blockgroup,state=47; vars=P053001;P037003;P037004;P037005;P037006;P037007;P037008;P037009;P037010;P037011;P037020;P037021;P037022;P037023;P037024;P037025;P037026;P037027;P037028;P037001;H020005;H020006;H020007;H020011;H020012;H020013;H020001;P087002;P087001;P043007;P043014;P043005;P043012,2026-08-19 00:52:14.865139,132462
2000/sf3/blockgroup,state=48; vars=P053001;P037003;P037004;P037005;P037006;P037007;P037008;P037009;P037010;P037011;P037020;P037021;P037022;P037023;P037024;P037025;P037026;P037027;P037028;P037001;H020005;H020006;H020007;H020011;H020012;H020013;H020001;P087002;P087001;P043007;P043014;P043005;P043012,2026-08-19 00:52:23.233341,477279
2000/sf3/blockgroup,state=49; vars=P053001;P037003;P037004;P037005;P037006;P037007;P037008;P037009;P037010;P037011;P037020;P037021;P037022;P037023;P037024;P037025;P037026;P037027;P037028;P037001;H020005;H020006;H020007;H020011;H020012;H020013;H020001;P087002;P087001;P043007;P043014;P043005;P043012,2026-08-19 00:52:24.601913,48873
2000/sf3/blockgroup,state=50; vars=P053001;P037003;P037004;P037005;P037006;P037007;P037008;P037009;P037010;P037011;P037020;P037021;P037022;P037023;P037024;P037025;P037026;P037027;P037028;P037001;H020005;H020006;H020007;H020011;H020012;H020013;H020001;P087002;P087001;P043007;P043014;P043005;P043012,2026-08-19 00:52:25.567393,17490
2000/sf3/blockgroup,state=51; vars=P053001;P037003;P037004;P037005;P037006;P037007;P037008;P037009;P037010;P037011;P037020;P037021;P037022;P037023;P037024;P037025;P037026;P037027;P037028;P037001;H020005;H020006;H020007;H020011;H020012;H020013;H020001;P087002;P087001;P043007;P043014;P043005;P043012,2026-08-19 00:52:28.906981,156717
2000/sf3/blockgroup,state=53; vars=P053001;P037003;P037004;P037005;P037006;P037007;P037008;P037009;P037010;P037011;P037020;P037021;P037022;P037023;P037024;P037025;P037026;P037027;P037028;P037001;H020005;H020006;H020007;H020011;H020012;H020013;H020001;P087002;P087001;P043007;P043014;P043005;P043012,2026-08-19 00:52:31.516655,159225
2000/sf3/blockgroup,state=54; vars=P053001;P037003;P037004;P037005;P037006;P037007;P037008;P037009;P037010;P037011;P037020;P037021;P037022;P037023;P037024;P037025;P037026;P037027;P037028;P037001;H020005;H020006;H020007;H020011;H020012;H020013;H020001;P087002;P087001;P043007;P043014;P043005;P043012,2026-08-19 00:52:33.135782,52404
2000/sf3/blockgroup,state=55; vars=P053001;P037003;P037004;P037005;P037006;P037007;P037008;P037009;P037010;P037011;P037020;P037021;P037022;P037023;P037024;P037025;P037026;P037027;P037028;P037001;H020005;H020006;H020007;H020011;H020012;H020013;H020001;P087002;P087001;P043007;P043014;P043005;P043012,2026-08-19 00:52:35.773049,144804
2000/sf3/blockgroup,state=56; vars=P053001;P037003;P037004;P037005;P037006;P037007;P037008;P037009;P037010;P037011;P037020;P037021;P037022;P037023;P037024;P037025;P037026;P037027;P037028;P037001;H020005;H020006;H020007;H020011;H020012;H020013;H020001;P087002;P087001;P043007;P043014;P043005;P043012,2026-08-19 00:52:36.787889,13134
2010/acs5/state,B19013_001;B15002_003;B15002_004;B15002_005;B15002_006;B15002_007;B15002_008;B15002_009;B15002_010;B15002_011;B15002_020;B15002_021;B15002_022;B15002_023;B15002_024;B15002_025;B15002_026;B15002_027;B15002_028;B15002_001;B25014_005;B25014_006;B25014_007;B25014_011;B25014_012;B25014_013;B25014_001;B17001_002;B17001_001;B23001_008;B23001_015;B23001_022;B23001_029;B23001_036;B23001_043;B23001_050;B23001_057;B23001_064;B23001_071;B23001_094;B23001_101;B23001_108;B23001_115;B23001_122;B23001_129;B23001_136;B23001_143;B23001_150;B23001_157;B23001_007;B23001_014;B23001_021;B23001_028;B23001_035;B23001_042;B23001_049;B23001_056;B23001_063;B23001_070;B23001_093;B23001_100;B23001_107;B23001_114;B23001_121;B23001_128;B23001_135;B23001_142;B23001_149;B23001_156,2026-08-19 00:52:39.524946,3381
2010/acs5/county,B19013_001;B15002_003;B15002_004;B15002_005;B15002_006;B15002_007;B15002_008;B15002_009;B15002_010;B15002_011;B15002_020;B15002_021;B15002_022;B15002_023;B15002_024;B15002_025;B15002_026;B15002_027;B15002_028;B15002_001;B25014_005;B25014_006;B25014_007;B25014_011;B25014_012;B25014_013;B25014_001;B17001_002;B17001_001;B23001_008;B23001_015;B23001_022;B23001_029;B23001_036;B23001_043;B23001_050;B23001_057;B23001_064;B23001_071;B23001_094;B23001_101;B23001_108;B23001_115;B23001_122;B23001_129;B23001_136;B23001_143;B23001_150;B23001_157;B23001_007;B23001_014;B23001_021;B23001_028;B23001_035;B23001_042;B23001_049;B23001_056;B23001_063;B23001_070;B23001_093;B23001_100;B23001_107;B23001_114;B23001_121;B23001_128;B23001_135;B23001_142;B23001_149;B23001_156,2026-08-19 00:52:44.276414,214521
2010/acs5/tract,state=01; vars=B19013_001;B15002_003;B15002_004;B15002_005;B15002_006;B15002_007;B15002_008;B15002_009;B15002_010;B15002_011;B15002_020;B15002_021;B15002_022;B15002_023;B15002_024;B15002_025;B15002_026;B15002_027;B15002_028;B15002_001;B25014_005;B25014_006;B25014_007;B25014_011;B25014_012;B25014_013;B25014_001;B17001_002;B17001_001;B23001_008;B23001_015;B23001_022;B23001_029;B23001_036;B23001_043;B23001_050;B23001_057;B23001_064;B23001_071;B23001_094;B23001_101;B23001_108;B23001_115;B23001_122;B23001_129;B23001_136;B23001_143;B23001_150;B23001_157;B23001_007;B23001_014;B23001_021;B23001_028;B23001_035;B23001_042;B23001_049;B23001_056;B23001_063;B23001_070;B23001_093;B23001_100;B23001_107;B23001_114;B23001_121;B23001_128;B23001_135;B23001_142;B23001_149;B23001_156,2026-08-19 00:52:46.913092,81489
2010/acs5/tract,state=04; vars=B19013_001;B15002_003;B15002_004;B15002_005;B15002_006;B15002_007;B15002_008;B15002_009;B15002_010;B15002_011;B15002_020;B15002_021;B15002_022;B15002_023;B15002_024;B15002_025;B15002_026;B15002_027;B15002_028;B15002_001;B25014_005;B25014_006;B25014_007;B25014_011;B25014_012;B25014_013;B25014_001;B17001_002;B17001_001;B23001_008;B23001_015;B23001_022;B23001_029;B23001_036;B23001_043;B23001_050;B23001_057;B23001_064;B23001_071;B23001_094;B23001_101;B23001_108;B23001_115;B23001_122;B23001_129;B23001_136;B23001_143;B23001_150;B23001_157;B23001_007;B23001_014;B23001_021;B23001_028;B23001_035;B23001_042;B23001_049;B23001_056;B23001_063;B23001_070;B23001_093;B23001_100;B23001_107;B23001_114;B23001_121;B23001_128;B23001_135;B23001_142;B23001_149;B23001_156,2026-08-19 00:52:50.284233,105294
2010/acs5/tract,state=05; vars=B19013_001;B15002_003;B15002_004;B15002_005;B15002_006;B15002_007;B15002_008;B15002_009;B15002_010;B15002_011;B15002_020;B15002_021;B15002_022;B15002_023;B15002_024;B15002_025;B15002_026;B15002_027;B15002_028;B15002_001;B25014_005;B25014_006;B25014_007;B25014_011;B25014_012;B25014_013;B25014_001;B17001_002;B17001_001;B23001_008;B23001_015;B23001_022;B23001_029;B23001_036;B23001_043;B23001_050;B23001_057;B23001_064;B23001_071;B23001_094;B23001_101;B23001_108;B23001_115;B23001_122;B23001_129;B23001_136;B23001_143;B23001_150;B23001_157;B23001_007;B23001_014;B23001_021;B23001_028;B23001_035;B23001_042;B23001_049;B23001_056;B23001_063;B23001_070;B23001_093;B23001_100;B23001_107;B23001_114;B23001_121;B23001_128;B23001_135;B23001_142;B23001_149;B23001_156,2026-08-19 00:52:52.410917,47334
2010/acs5/tract,state=06; vars=B19013_001;B15002_003;B15002_004;B15002_005;B15002_006;B15002_007;B15002_008;B15002_009;B15002_010;B15002_011;B15002_020;B15002_021;B15002_022;B15002_023;B15002_024;B15002_025;B15002_026;B15002_027;B15002_028;B15002_001;B25014_005;B25014_006;B25014_007;B25014_011;B25014_012;B25014_013;B25014_001;B17001_002;B17001_001;B23001_008;B23001_015;B23001_022;B23001_029;B23001_036;B23001_043;B23001_050;B23001_057;B23001_064;B23001_071;B23001_094;B23001_101;B23001_108;B23001_115;B23001_122;B23001_129;B23001_136;B23001_143;B23001_150;B23001_157;B23001_007;B23001_014;B23001_021;B23001_028;B23001_035;B23001_042;B23001_049;B23001_056;B23001_063;B23001_070;B23001_093;B23001_100;B23001_107;B23001_114;B23001_121;B23001_128;B23001_135;B23001_142;B23001_149;B23001_156,2026-08-19 00:53:04.172715,555933
2010/acs5/tract,state=08; vars=B19013_001;B15002_003;B15002_004;B15002_005;B15002_006;B15002_007;B15002_008;B15002_009;B15002_010;B15002_011;B15002_020;B15002_021;B15002_022;B15002_023;B15002_024;B15002_025;B15002_026;B15002_027;B15002_028;B15002_001;B25014_005;B25014_006;B25014_007;B25014_011;B25014_012;B25014_013;B25014_001;B17001_002;B17001_001;B23001_008;B23001_015;B23001_022;B23001_029;B23001_036;B23001_043;B23001_050;B23001_057;B23001_064;B23001_071;B23001_094;B23001_101;B23001_108;B23001_115;B23001_122;B23001_129;B23001_136;B23001_143;B23001_150;B23001_157;B23001_007;B23001_014;B23001_021;B23001_028;B23001_035;B23001_042;B23001_049;B23001_056;B23001_063;B23001_070;B23001_093;B23001_100;B23001_107;B23001_114;B23001_121;B23001_128;B23001_135;B23001_142;B23001_149;B23001_156,2026-08-19 00:53:06.7676,86181
2010/acs5/tract,state=09; vars=B19013_001;B15002_003;B15002_004;B15002_005;B15002_006;B15002_007;B15002_008;B15002_009;B15002_010;B15002_011;B15002_020;B15002_021;B15002_022;B15002_023;B15002_024;B15002_025;B15002_026;B15002_027;B15002_028;B15002_001;B25014_005;B25014_006;B25014_007;B25014_011;B25014_012;B25014_013;B25014_001;B17001_002;B17001_001;B23001_008;B23001_015;B23001_022;B23001_029;B23001_036;B23001_043;B23001_050;B23001_057;B23001_064;B23001_071;B23001_094;B23001_101;B23001_108;B23001_115;B23001_122;B23001_129;B23001_136;B23001_143;B23001_150;B23001_157;B23001_007;B23001_014;B23001_021;B23001_028;B23001_035;B23001_042;B23001_049;B23001_056;B23001_063;B23001_070;B23001_093;B23001_100;B23001_107;B23001_114;B23001_121;B23001_128;B23001_135;B23001_142;B23001_149;B23001_156,2026-08-19 00:53:08.965672,57477
2010/acs5/tract,state=10; vars=B19013_001;B15002_003;B15002_004;B15002_005;B15002_006;B15002_007;B15002_008;B15002_009;B15002_010;B15002_011;B15002_020;B15002_021;B15002_022;B15002_023;B15002_024;B15002_025;B15002_026;B15002_027;B15002_028;B15002_001;B25014_005;B25014_006;B25014_007;B25014_011;B25014_012;B25014_013;B25014_001;B17001_002;B17001_001;B23001_008;B23001_015;B23001_022;B23001_029;B23001_036;B23001_043;B23001_050;B23001_057;B23001_064;B23001_071;B23001_094;B23001_101;B23001_108;B23001_115;B23001_122;B23001_129;B23001_136;B23001_143;B23001_150;B23001_157;B23001_007;B23001_014;B23001_021;B23001_028;B23001_035;B23001_042;B23001_049;B23001_056;B23001_063;B23001_070;B23001_093;B23001_100;B23001_107;B23001_114;B23001_121;B23001_128;B23001_135;B23001_142;B23001_149;B23001_156,2026-08-19 00:53:10.480786,15042
2010/acs5/tract,state=11; vars=B19013_001;B15002_003;B15002_004;B15002_005;B15002_006;B15002_007;B15002_008;B15002_009;B15002_010;B15002_011;B15002_020;B15002_021;B15002_022;B15002_023;B15002_024;B15002_025;B15002_026;B15002_027;B15002_028;B15002_001;B25014_005;B25014_006;B25014_007;B25014_011;B25014_012;B25014_013;B25014_001;B17001_002;B17001_001;B23001_008;B23001_015;B23001_022;B23001_029;B23001_036;B23001_043;B23001_050;B23001_057;B23001_064;B23001_071;B23001_094;B23001_101;B23001_108;B23001_115;B23001_122;B23001_129;B23001_136;B23001_143;B23001_150;B23001_157;B23001_007;B23001_014;B23001_021;B23001_028;B23001_035;B23001_042;B23001_049;B23001_056;B23001_063;B23001_070;B23001_093;B23001_100;B23001_107;B23001_114;B23001_121;B23001_128;B23001_135;B23001_142;B23001_149;B23001_156,2026-08-19 00:53:11.933449,12351
2010/acs5/tract,state=12; vars=B19013_001;B15002_003;B15002_004;B15002_005;B15002_006;B15002_007;B15002_008;B15002_009;B15002_010;B15002_011;B15002_020;B15002_021;B15002_022;B15002_023;B15002_024;B15002_025;B15002_026;B15002_027;B15002_028;B15002_001;B25014_005;B25014_006;B25014_007;B25014_011;B25014_012;B25014_013;B25014_001;B17001_002;B17001_001;B23001_008;B23001_015;B23001_022;B23001_029;B23001_036;B23001_043;B23001_050;B23001_057;B23001_064;B23001_071;B23001_094;B23001_101;B23001_108;B23001_115;B23001_122;B23001_129;B23001_136;B23001_143;B23001_150;B23001_157;B23001_007;B23001_014;B23001_021;B23001_028;B23001_035;B23001_042;B23001_049;B23001_056;B23001_063;B23001_070;B23001_093;B23001_100;B23001_107;B23001_114;B23001_121;B23001_128;B23001_135;B23001_142;B23001_149;B23001_156,2026-08-19 00:53:18.357984,292905
2010/acs5/tract,state=13; vars=B19013_001;B15002_003;B15002_004;B15002_005;B15002_006;B15002_007;B15002_008;B15002_009;B15002_010;B15002_011;B15002_020;B15002_021;B15002_022;B15002_023;B15002_024;B15002_025;B15002_026;B15002_027;B15002_028;B15002_001;B25014_005;B25014_006;B25014_007;B25014_011;B25014_012;B25014_013;B25014_001;B17001_002;B17001_001;B23001_008;B23001_015;B23001_022;B23001_029;B23001_036;B23001_043;B23001_050;B23001_057;B23001_064;B23001_071;B23001_094;B23001_101;B23001_108;B23001_115;B23001_122;B23001_129;B23001_136;B23001_143;B23001_150;B23001_157;B23001_007;B23001_014;B23001_021;B23001_028;B23001_035;B23001_042;B23001_049;B23001_056;B23001_063;B23001_070;B23001_093;B23001_100;B23001_107;B23001_114;B23001_121;B23001_128;B23001_135;B23001_142;B23001_149;B23001_156,2026-08-19 00:53:21.880641,135861
2010/acs5/tract,state=16; vars=B19013_001;B15002_003;B15002_004;B15002_005;B15002_006;B15002_007;B15002_008;B15002_009;B15002_010;B15002_011;B15002_020;B15002_021;B15002_022;B15002_023;B15002_024;B15002_025;B15002_026;B15002_027;B15002_028;B15002_001;B25014_005;B25014_006;B25014_007;B25014_011;B25014_012;B25014_013;B25014_001;B17001_002;B17001_001;B23001_008;B23001_015;B23001_022;B23001_029;B23001_036;B23001_043;B23001_050;B23001_057;B23001_064;B23001_071;B23001_094;B23001_101;B23001_108;B23001_115;B23001_122;B23001_129;B23001_136;B23001_143;B23001_150;B23001_157;B23001_007;B23001_014;B23001_021;B23001_028;B23001_035;B23001_042;B23001_049;B23001_056;B23001_063;B23001_070;B23001_093;B23001_100;B23001_107;B23001_114;B23001_121;B23001_128;B23001_135;B23001_142;B23001_149;B23001_156,2026-08-19 00:53:23.613678,20562
2010/acs5/tract,state=17; vars=B19013_001;B15002_003;B15002_004;B15002_005;B15002_006;B15002_007;B15002_008;B15002_009;B15002_010;B15002_011;B15002_020;B15002_021;B15002_022;B15002_023;B15002_024;B15002_025;B15002_026;B15002_027;B15002_028;B15002_001;B25014_005;B25014_006;B25014_007;B25014_011;B25014_012;B25014_013;B25014_001;B17001_002;B17001_001;B23001_008;B23001_015;B23001_022;B23001_029;B23001_036;B23001_043;B23001_050;B23001_057;B23001_064;B23001_071;B23001_094;B23001_101;B23001_108;B23001_115;B23001_122;B23001_129;B23001_136;B23001_143;B23001_150;B23001_157;B23001_007;B23001_014;B23001_021;B23001_028;B23001_035;B23001_042;B23001_049;B23001_056;B23001_063;B23001_070;B23001_093;B23001_100;B23001_107;B23001_114;B23001_121;B23001_128;B23001_135;B23001_142;B23001_149;B23001_156,2026-08-19 00:53:28.211331,215487
2010/acs5/tract,state=18; vars=B19013_001;B15002_003;B15002_004;B15002_005;B15002_006;B15002_007;B15002_008;B15002_009;B15002_010;B15002_011;B15002_020;B15002_021;B15002_022;B15002_023;B15002_024;B15002_025;B15002_026;B15002_027;B15002_028;B15002_001;B25014_005;B25014_006;B25014_007;B25014_011;B25014_012;B25014_013;B25014_001;B17001_002;B17001_001;B23001_008;B23001_015;B23001_022;B23001_029;B23001_036;B23001_043;B23001_050;B23001_057;B23001_064;B23001_071;B23001_094;B23001_101;B23001_108;B23001_115;B23001_122;B23001_129;B23001_136;B23001_143;B23001_150;B23001_157;B23001_007;B23001_014;B23001_021;B23001_028;B23001_035;B23001_042;B23001_049;B23001_056;B23001_063;B23001_070;B23001_093;B23001_100;B23001_107;B23001_114;B23001_121;B23001_128;B23001_135;B23001_142;B23001_149;B23001_156,2026-08-19 00:53:31.146724,104259
2010/acs5/tract,state=19; vars=B19013_001;B15002_003;B15002_004;B15002_005;B15002_006;B15002_007;B15002_008;B15002_009;B15002_010;B15002_011;B15002_020;B15002_021;B15002_022;B15002_023;B15002_024;B15002_025;B15002_026;B15002_027;B15002_028;B15002_001;B25014_005;B25014_006;B25014_007;B25014_011;B25014_012;B25014_013;B25014_001;B17001_002;B17001_001;B23001_008;B23001_015;B23001_022;B23001_029;B23001_036;B23001_043;B23001_050;B23001_057;B23001_064;B23001_071;B23001_094;B23001_101;B23001_108;B23001_115;B23001_122;B23001_129;B23001_136;B23001_143;B23001_150;B23001_157;B23001_007;B23001_014;B23001_021;B23001_028;B23001_035;B23001_042;B23001_049;B23001_056;B23001_063;B23001_070;B23001_093;B23001_100;B23001_107;B23001_114;B23001_121;B23001_128;B23001_135;B23001_142;B23001_149;B23001_156,2026-08-19 00:53:33.350773,56925
2010/acs5/tract,state=20; vars=B19013_001;B15002_003;B15002_004;B15002_005;B15002_006;B15002_007;B15002_008;B15002_009;B15002_010;B15002_011;B15002_020;B15002_021;B15002_022;B15002_023;B15002_024;B15002_025;B15002_026;B15002_027;B15002_028;B15002_001;B25014_005;B25014_006;B25014_007;B25014_011;B25014_012;B25014_013;B25014_001;B17001_002;B17001_001;B23001_008;B23001_015;B23001_022;B23001_029;B23001_036;B23001_043;B23001_050;B23001_057;B23001_064;B23001_071;B23001_094;B23001_101;B23001_108;B23001_115;B23001_122;B23001_129;B23001_136;B23001_143;B23001_150;B23001_157;B23001_007;B23001_014;B23001_021;B23001_028;B23001_035;B23001_042;B23001_049;B23001_056;B23001_063;B23001_070;B23001_093;B23001_100;B23001_107;B23001_114;B23001_121;B23001_128;B23001_135;B23001_142;B23001_149;B23001_156,2026-08-19 00:53:35.353116,53130
2010/acs5/tract,state=21; vars=B19013_001;B15002_003;B15002_004;B15002_005;B15002_006;B15002_007;B15002_008;B15002_009;B15002_010;B15002_011;B15002_020;B15002_021;B15002_022;B15002_023;B15002_024;B15002_025;B15002_026;B15002_027;B15002_028;B15002_001;B25014_005;B25014_006;B25014_007;B25014_011;B25014_012;B25014_013;B25014_001;B17001_002;B17001_001;B23001_008;B23001_015;B23001_022;B23001_029;B23001_036;B23001_043;B23001_050;B23001_057;B23001_064;B23001_071;B23001_094;B23001_101;B23001_108;B23001_115;B23001_122;B23001_129;B23001_136;B23001_143;B23001_150;B23001_157;B23001_007;B23001_014;B23001_021;B23001_028;B23001_035;B23001_042;B23001_049;B23001_056;B23001_063;B23001_070;B23001_093;B23001_100;B23001_107;B23001_114;B23001_121;B23001_128;B23001_135;B23001_142;B23001_149;B23001_156,2026-08-19 00:53:38.020557,76935
2010/acs5/tract,state=22; vars=B19013_001;B15002_003;B15002_004;B15002_005;B15002_006;B15002_007;B15002_008;B15002_009;B15002_010;B15002_011;B15002_020;B15002_021;B15002_022;B15002_023;B15002_024;B15002_025;B15002_026;B15002_027;B15002_028;B15002_001;B25014_005;B25014_006;B25014_007;B25014_011;B25014_012;B25014_013;B25014_001;B17001_002;B17001_001;B23001_008;B23001_015;B23001_022;B23001_029;B23001_036;B23001_043;B23001_050;B23001_057;B23001_064;B23001_071;B23001_094;B23001_101;B23001_108;B23001_115;B23001_122;B23001_129;B23001_136;B23001_143;B23001_150;B23001_157;B23001_007;B23001_014;B23001_021;B23001_028;B23001_035;B23001_042;B23001_049;B23001_056;B23001_063;B23001_070;B23001_093;B23001_100;B23001_107;B23001_114;B23001_121;B23001_128;B23001_135;B23001_142;B23001_149;B23001_156,2026-08-19 00:53:40.520461,79212
2010/acs5/tract,state=23; vars=B19013_001;B15002_003;B15002_004;B15002_005;B15002_006;B15002_007;B15002_008;B15002_009;B15002_010;B15002_011;B15002_020;B15002_021;B15002_022;B15002_023;B15002_024;B15002_025;B15002_026;B15002_027;B15002_028;B15002_001;B25014_005;B25014_006;B25014_007;B25014_011;B25014_012;B25014_013;B25014_001;B17001_002;B17001_001;B23001_008;B23001_015;B23001_022;B23001_029;B23001_036;B23001_043;B23001_050;B23001_057;B23001_064;B23001_071;B23001_094;B23001_101;B23001_108;B23001_115;B23001_122;B23001_129;B23001_136;B23001_143;B23001_150;B23001_157;B23001_007;B23001_014;B23001_021;B23001_028;B23001_035;B23001_042;B23001_049;B23001_056;B23001_063;B23001_070;B23001_093;B23001_100;B23001_107;B23001_114;B23001_121;B23001_128;B23001_135;B23001_142;B23001_149;B23001_156,2026-08-19 00:53:42.526862,24702
2010/acs5/tract,state=24; vars=B19013_001;B15002_003;B15002_004;B15002_005;B15002_006;B15002_007;B15002_008;B15002_009;B15002_010;B15002_011;B15002_020;B15002_021;B15002_022;B15002_023;B15002_024;B15002_025;B15002_026;B15002_027;B15002_028;B15002_001;B25014_005;B25014_006;B25014_007;B25014_011;B25014_012;B25014_013;B25014_001;B17001_002;B17001_001;B23001_008;B23001_015;B23001_022;B23001_029;B23001_036;B23001_043;B23001_050;B23001_057;B23001_064;B23001_071;B23001_094;B23001_101;B23001_108;B23001_115;B23001_122;B23001_129;B23001_136;B23001_143;B23001_150;B23001_157;B23001_007;B23001_014;B23001_021;B23001_028;B23001_035;B23001_042;B23001_049;B23001_056;B23001_063;B23001_070;B23001_093;B23001_100;B23001_107;B23001_114;B23001_121;B23001_128;B23001_135;B23001_142;B23001_149;B23001_156,2026-08-19 00:53:45.410553,97014
2010/acs5/tract,state=25; vars=B19013_001;B15002_003;B15002_004;B15002_005;B15002_006;B15002_007;B15002_008;B15002_009;B15002_010;B15002_011;B15002_020;B15002_021;B15002_022;B15002_023;B15002_024;B15002_025;B15002_026;B15002_027;B15002_028;B15002_001;B25014_005;B25014_006;B25014_007;B25014_011;B25014_012;B25014_013;B25014_001;B17001_002;B17001_001;B23001_008;B23001_015;B23001_022;B23001_029;B23001_036;B23001_043;B23001_050;B23001_057;B23001_064;B23001_071;B23001_094;B23001_101;B23001_108;B23001_115;B23001_122;B23001_129;B23001_136;B23001_143;B23001_150;B23001_157;B23001_007;B23001_014;B23001_021;B23001_028;B23001_035;B23001_042;B23001_049;B23001_056;B23001_063;B23001_070;B23001_093;B23001_100;B23001_107;B23001_114;B23001_121;B23001_128;B23001_135;B23001_142;B23001_149;B23001_156,2026-08-19 00:53:48.229025,101982
2010/acs5/tract,state=26; vars=B19013_001;B15002_003;B15002_004;B15002_005;B15002_006;B15002_007;B15002_008;B15002_009;B15002_010;B15002_011;B15002_020;B15002_021;B15002_022;B15002_023;B15002_024;B15002_025;B15002_026;B15002_027;B15002_028;B15002_001;B25014_005;B25014_006;B25014_007;B25014_011;B25014_012;B25014_013;B25014_001;B17001_002;B17001_001;B23001_008;B23001_015;B23001_022;B23001_029;B23001_036;B23001_043;B23001_050;B23001_057;B23001_064;B23001_071;B23001_094;B23001_101;B23001_108;B23001_115;B23001_122;B23001_129;B23001_136;B23001_143;B23001_150;B23001_157;B23001_007;B23001_014;B23001_021;B23001_028;B23001_035;B23001_042;B23001_049;B23001_056;B23001_063;B23001_070;B23001_093;B23001_100;B23001_107;B23001_114;B23001_121;B23001_128;B23001_135;B23001_142;B23001_149;B23001_156,2026-08-19 00:53:52.123804,194097
2010/acs5/tract,state=27; vars=B19013_001;B15002_003;B15002_004;B15002_005;B15002_006;B15002_007;B15002_008;B15002_009;B15002_010;B15002_011;B15002_020;B15002_021;B15002_022;B15002_023;B15002_024;B15002_025;B15002_026;B15002_027;B15002_028;B15002_001;B25014_005;B25014_006;B25014_007;B25014_011;B25014_012;B25014_013;B25014_001;B17001_002;B17001_001;B23001_008;B23001_015;B23001_022;B23001_029;B23001_036;B23001_043;B23001_050;B23001_057;B23001_064;B23001_071;B23001_094;B23001_101;B23001_108;B23001_115;B23001_122;B23001_129;B23001_136;B23001_143;B23001_150;B23001_157;B23001_007;B23001_014;B23001_021;B23001_028;B23001_035;B23001_042;B23001_049;B23001_056;B23001_063;B23001_070;B23001_093;B23001_100;B23001_107;B23001_114;B23001_121;B23001_128;B23001_135;B23001_142;B23001_149;B23001_156,2026-08-19 00:53:54.899197,92322
2010/acs5/tract,state=28; vars=B19013_001;B15002_003;B15002_004;B15002_005;B15002_006;B15002_007;B15002_008;B15002_009;B15002_010;B15002_011;B15002_020;B15002_021;B15002_022;B15002_023;B15002_024;B15002_025;B15002_026;B15002_027;B15002_028;B15002_001;B25014_005;B25014_006;B25014_007;B25014_011;B25014_012;B25014_013;B25014_001;B17001_002;B17001_001;B23001_008;B23001_015;B23001_022;B23001_029;B23001_036;B23001_043;B23001_050;B23001_057;B23001_064;B23001_071;B23001_094;B23001_101;B23001_108;B23001_115;B23001_122;B23001_129;B23001_136;B23001_143;B23001_150;B23001_157;B23001_007;B23001_014;B23001_021;B23001_028;B23001_035;B23001_042;B23001_049;B23001_056;B23001_063;B23001_070;B23001_093;B23001_100;B23001_107;B23001_114;B23001_121;B23001_128;B23001_135;B23001_142;B23001_149;B23001_156,2026-08-19 00:53:56.832056,45816
2010/acs5/tract,state=29; vars=B19013_001;B15002_003;B15002_004;B15002_005;B15002_006;B15002_007;B15002_008;B15002_009;B15002_010;B15002_011;B15002_020;B15002_021;B15002_022;B15002_023;B15002_024;B15002_025;B15002_026;B15002_027;B15002_028;B15002_001;B25014_005;B25014_006;B25014_007;B25014_011;B25014_012;B25014_013;B25014_001;B17001_002;B17001_001;B23001_008;B23001_015;B23001_022;B23001_029;B23001_036;B23001_043;B23001_050;B23001_057;B23001_064;B23001_071;B23001_094;B23001_101;B23001_108;B23001_115;B23001_122;B23001_129;B23001_136;B23001_143;B23001_150;B23001_157;B23001_007;B23001_014;B23001_021;B23001_028;B23001_035;B23001_042;B23001_049;B23001_056;B23001_063;B23001_070;B23001_093;B23001_100;B23001_107;B23001_114;B23001_121;B23001_128;B23001_135;B23001_142;B23001_149;B23001_156,2026-08-19 00:53:59.84794,96117
2010/acs5/tract,state=30; vars=B19013_001;B15002_003;B15002_004;B15002_005;B15002_006;B15002_007;B15002_008;B15002_009;B15002_010;B15002_011;B15002_020;B15002_021;B15002_022;B15002_023;B15002_024;B15002_025;B15002_026;B15002_027;B15002_028;B15002_001;B25014_005;B25014_006;B25014_007;B25014_011;B25014_012;B25014_013;B25014_001;B17001_002;B17001_001;B23001_008;B23001_015;B23001_022;B23001_029;B23001_036;B23001_043;B23001_050;B23001_057;B23001_064;B23001_071;B23001_094;B23001_101;B23001_108;B23001_115;B23001_122;B23001_129;B23001_136;B23001_143;B23001_150;B23001_157;B23001_007;B23001_014;B23001_021;B23001_028;B23001_035;B23001_042;B23001_049;B23001_056;B23001_063;B23001_070;B23001_093;B23001_100;B23001_107;B23001_114;B23001_121;B23001_128;B23001_135;B23001_142;B23001_149;B23001_156,2026-08-19 00:54:01.751137,18699
2010/acs5/tract,state=31; vars=B19013_001;B15002_003;B15002_004;B15002_005;B15002_006;B15002_007;B15002_008;B15002_009;B15002_010;B15002_011;B15002_020;B15002_021;B15002_022;B15002_023;B15002_024;B15002_025;B15002_026;B15002_027;B15002_028;B15002_001;B25014_005;B25014_006;B25014_007;B25014_011;B25014_012;B25014_013;B25014_001;B17001_002;B17001_001;B23001_008;B23001_015;B23001_022;B23001_029;B23001_036;B23001_043;B23001_050;B23001_057;B23001_064;B23001_071;B23001_094;B23001_101;B23001_108;B23001_115;B23001_122;B23001_129;B23001_136;B23001_143;B23001_150;B23001_157;B23001_007;B23001_014;B23001_021;B23001_028;B23001_035;B23001_042;B23001_049;B23001_056;B23001_063;B23001_070;B23001_093;B23001_100;B23001_107;B23001_114;B23001_121;B23001_128;B23001_135;B23001_142;B23001_149;B23001_156,2026-08-19 00:54:03.579816,36708
2010/acs5/tract,state=32; vars=B19013_001;B15002_003;B15002_004;B15002_005;B15002_006;B15002_007;B15002_008;B15002_009;B15002_010;B15002_011;B15002_020;B15002_021;B15002_022;B15002_023;B15002_024;B15002_025;B15002_026;B15002_027;B15002_028;B15002_001;B25014_005;B25014_006;B25014_007;B25014_011;B25014_012;B25014_013;B25014_001;B17001_002;B17001_001;B23001_008;B23001_015;B23001_022;B23001_029;B23001_036;B23001_043;B23001_050;B23001_057;B23001_064;B23001_071;B23001_094;B23001_101;B23001_108;B23001_115;B23001_122;B23001_129;B23001_136;B23001_143;B23001_150;B23001_157;B23001_007;B23001_014;B23001_021;B23001_028;B23001_035;B23001_042;B23001_049;B23001_056;B23001_063;B23001_070;B23001_093;B23001_100;B23001_107;B23001_114;B23001_121;B23001_128;B23001_135;B23001_142;B23001_149;B23001_156,2026-08-19 00:54:05.811221,47403
2010/acs5/tract,state=33; vars=B19013_001;B15002_003;B15002_004;B15002_005;B15002_006;B15002_007;B15002_008;B15002_009;B15002_010;B15002_011;B15002_020;B15002_021;B15002_022;B15002_023;B15002_024;B15002_025;B15002_026;B15002_027;B15002_028;B15002_001;B25014_005;B25014_006;B25014_007;B25014_011;B25014_012;B25014_013;B25014_001;B17001_002;B17001_001;B23001_008;B23001_015;B23001_022;B23001_029;B23001_036;B23001_043;B23001_050;B23001_057;B23001_064;B23001_071;B23001_094;B23001_101;B23001_108;B23001_115;B23001_122;B23001_129;B23001_136;B23001_143;B23001_150;B23001_157;B23001_007;B23001_014;B23001_021;B23001_028;B23001_035;B23001_042;B23001_049;B23001_056;B23001_063;B23001_070;B23001_093;B23001_100;B23001_107;B23001_114;B23001_121;B23001_128;B23001_135;B23001_142;B23001_149;B23001_156,2026-08-19 00:54:07.687073,20355
2010/acs5/tract,state=34; vars=B19013_001;B15002_003;B15002_004;B15002_005;B15002_006;B15002_007;B15002_008;B15002_009;B15002_010;B15002_011;B15002_020;B15002_021;B15002_022;B15002_023;B15002_024;B15002_025;B15002_026;B15002_027;B15002_028;B15002_001;B25014_005;B25014_006;B25014_007;B25014_011;B25014_012;B25014_013;B25014_001;B17001_002;B17001_001;B23001_008;B23001_015;B23001_022;B23001_029;B23001_036;B23001_043;B23001_050;B23001_057;B23001_064;B23001_071;B23001_094;B23001_101;B23001_108;B23001_115;B23001_122;B23001_129;B23001_136;B23001_143;B23001_150;B23001_157;B23001_007;B23001_014;B23001_021;B23001_028;B23001_035;B23001_042;B23001_049;B23001_056;B23001_063;B23001_070;B23001_093;B23001_100;B23001_107;B23001_114;B23001_121;B23001_128;B23001_135;B23001_142;B23001_149;B23001_156,2026-08-19 00:54:11.169483,138690
2010/acs5/tract,state=35; vars=B19013_001;B15002_003;B15002_004;B15002_005;B15002_006;B15002_007;B15002_008;B15002_009;B15002_010;B15002_011;B15002_020;B15002_021;B15002_022;B15002_023;B15002_024;B15002_025;B15002_026;B15002_027;B15002_028;B15002_001;B25014_005;B25014_006;B25014_007;B25014_011;B25014_012;B25014_013;B25014_001;B17001_002;B17001_001;B23001_008;B23001_015;B23001_022;B23001_029;B23001_036;B23001_043;B23001_050;B23001_057;B23001_064;B23001_071;B23001_094;B23001_101;B23001_108;B23001_115;B23001_122;B23001_129;B23001_136;B23001_143;B23001_150;B23001_157;B23001_007;B23001_014;B23001_021;B23001_028;B23001_035;B23001_042;B23001_049;B23001_056;B23001_063;B23001_070;B23001_093;B23001_100;B23001_107;B23001_114;B23001_121;B23001_128;B23001_135;B23001_142;B23001_149;B23001_156,2026-08-19 00:54:13.104932,34431
2010/acs5/tract,state=36; vars=B19013_001;B15002_003;B15002_004;B15002_005;B15002_006;B15002_007;B15002_008;B15002_009;B15002_010;B15002_011;B15002_020;B15002_021;B15002_022;B15002_023;B15002_024;B15002_025;B15002_026;B15002_027;B15002_028;B15002_001;B25014_005;B25014_006;B25014_007;B25014_011;B25014_012;B25014_013;B25014_001;B17001_002;B17001_001;B23001_008;B23001_015;B23001_022;B23001_029;B23001_036;B23001_043;B23001_050;B23001_057;B23001_064;B23001_071;B23001_094;B23001_101;B23001_108;B23001_115;B23001_122;B23001_129;B23001_136;B23001_143;B23001_150;B23001_157;B23001_007;B23001_014;B23001_021;B23001_028;B23001_035;B23001_042;B23001_049;B23001_056;B23001_063;B23001_070;B23001_093;B23001_100;B23001_107;B23001_114;B23001_121;B23001_128;B23001_135;B23001_142;B23001_149;B23001_156,2026-08-19 00:54:19.491255,339411
2010/acs5/tract,state=37; vars=B19013_001;B15002_003;B15002_004;B15002_005;B15002_006;B15002_007;B15002_008;B15002_009;B15002_010;B15002_011;B15002_020;B15002_021;B15002_022;B15002_023;B15002_024;B15002_025;B15002_026;B15002_027;B15002_028;B15002_001;B25014_005;B25014_006;B25014_007;B25014_011;B25014_012;B25014_013;B25014_001;B17001_002;B17001_001;B23001_008;B23001_015;B23001_022;B23001_029;B23001_036;B23001_043;B23001_050;B23001_057;B23001_064;B23001_071;B23001_094;B23001_101;B23001_108;B23001_115;B23001_122;B23001_129;B23001_136;B23001_143;B23001_150;B23001_157;B23001_007;B23001_014;B23001_021;B23001_028;B23001_035;B23001_042;B23001_049;B23001_056;B23001_063;B23001_070;B23001_093;B23001_100;B23001_107;B23001_114;B23001_121;B23001_128;B23001_135;B23001_142;B23001_149;B23001_156,2026-08-19 00:54:23.44781,151455
2010/acs5/tract,state=38; vars=B19013_001;B15002_003;B15002_004;B15002_005;B15002_006;B15002_007;B15002_008;B15002_009;B15002_010;B15002_011;B15002_020;B15002_021;B15002_022;B15002_023;B15002_024;B15002_025;B15002_026;B15002_027;B15002_028;B15002_001;B25014_005;B25014_006;B25014_007;B25014_011;B25014_012;B25014_013;B25014_001;B17001_002;B17001_001;B23001_008;B23001_015;B23001_022;B23001_029;B23001_036;B23001_043;B23001_050;B23001_057;B23001_064;B23001_071;B23001_094;B23001_101;B23001_108;B23001_115;B23001_122;B23001_129;B23001_136;B23001_143;B23001_150;B23001_157;B23001_007;B23001_014;B23001_021;B23001_028;B23001_035;B23001_042;B23001_049;B23001_056;B23001_063;B23001_070;B23001_093;B23001_100;B23001_107;B23001_114;B23001_121;B23001_128;B23001_135;B23001_142;B23001_149;B23001_156,2026-08-19 00:54:24.919016,14145
2010/acs5/tract,state=39; vars=B19013_001;B15002_003;B15002_004;B15002_005;B15002_006;B15002_007;B15002_008;B15002_009;B15002_010;B15002_011;B15002_020;B15002_021;B15002_022;B15002_023;B15002_024;B15002_025;B15002_026;B15002_027;B15002_028;B15002_001;B25014_005;B25014_006;B25014_007;B25014_011;B25014_012;B25014_013;B25014_001;B17001_002;B17001_001;B23001_008;B23001_015;B23001_022;B23001_029;B23001_036;B23001_043;B23001_050;B23001_057;B23001_064;B23001_071;B23001_094;B23001_101;B23001_108;B23001_115;B23001_122;B23001_129;B23001_136;B23001_143;B23001_150;B23001_157;B23001_007;B23001_014;B23001_021;B23001_028;B23001_035;B23001_042;B23001_049;B23001_056;B23001_063;B23001_070;B23001_093;B23001_100;B23001_107;B23001_114;B23001_121;B23001_128;B23001_135;B23001_142;B23001_149;B23001_156,2026-08-19 00:54:30.13137,203688
2010/acs5/tract,state=40; vars=B19013_001;B15002_003;B15002_004;B15002_005;B15002_006;B15002_007;B15002_008;B15002_009;B15002_010;B15002_011;B15002_020;B15002_021;B15002_022;B15002_023;B15002_024;B15002_025;B15002_026;B15002_027;B15002_028;B15002_001;B25014_005;B25014_006;B25014_007;B25014_011;B25014_012;B25014_013;B25014_001;B17001_002;B17001_001;B23001_008;B23001_015;B23001_022;B23001_029;B23001_036;B23001_043;B23001_050;B23001_057;B23001_064;B23001_071;B23001_094;B23001_101;B23001_108;B23001_115;B23001_122;B23001_129;B23001_136;B23001_143;B23001_150;B23001_157;B23001_007;B23001_014;B23001_021;B23001_028;B23001_035;B23001_042;B23001_049;B23001_056;B23001_063;B23001_070;B23001_093;B23001_100;B23001_107;B23001_114;B23001_121;B23001_128;B23001_135;B23001_142;B23001_149;B23001_156,2026-08-19 00:54:32.564881,72174
2010/acs5/tract,state=41; vars=B19013_001;B15002_003;B15002_004;B15002_005;B15002_006;B15002_007;B15002_008;B15002_009;B15002_010;B15002_011;B15002_020;B15002_021;B15002_022;B15002_023;B15002_024;B15002_025;B15002_026;B15002_027;B15002_028;B15002_001;B25014_005;B25014_006;B25014_007;B25014_011;B25014_012;B25014_013;B25014_001;B17001_002;B17001_001;B23001_008;B23001_015;B23001_022;B23001_029;B23001_036;B23001_043;B23001_050;B23001_057;B23001_064;B23001_071;B23001_094;B23001_101;B23001_108;B23001_115;B23001_122;B23001_129;B23001_136;B23001_143;B23001_150;B23001_157;B23001_007;B23001_014;B23001_021;B23001_028;B23001_035;B23001_042;B23001_049;B23001_056;B23001_063;B23001_070;B23001_093;B23001_100;B23001_107;B23001_114;B23001_121;B23001_128;B23001_135;B23001_142;B23001_149;B23001_156,2026-08-19 00:54:34.790974,57546
2010/acs5/tract,state=42; vars=B19013_001;B15002_003;B15002_004;B15002_005;B15002_006;B15002_007;B15002_008;B15002_009;B15002_010;B15002_011;B15002_020;B15002_021;B15002_022;B15002_023;B15002_024;B15002_025;B15002_026;B15002_027;B15002_028;B15002_001;B25014_005;B25014_006;B25014_007;B25014_011;B25014_012;B25014_013;B25014_001;B17001_002;B17001_001;B23001_008;B23001_015;B23001_022;B23001_029;B23001_036;B23001_043;B23001_050;B23001_057;B23001_064;B23001_071;B23001_094;B23001_101;B23001_108;B23001_115;B23001_122;B23001_129;B23001_136;B23001_143;B23001_150;B23001_157;B23001_007;B23001_014;B23001_021;B23001_028;B23001_035;B23001_042;B23001_049;B23001_056;B23001_063;B23001_070;B23001_093;B23001_100;B23001_107;B23001_114;B23001_121;B23001_128;B23001_135;B23001_142;B23001_149;B23001_156,2026-08-19 00:54:39.12427,222042
2010/acs5/tract,state=44; vars=B19013_001;B15002_003;B15002_004;B15002_005;B15002_006;B15002_007;B15002_008;B15002_009;B15002_010;B15002_011;B15002_020;B15002_021;B15002_022;B15002_023;B15002_024;B15002_025;B15002_026;B15002_027;B15002_028;B15002_001;B25014_005;B25014_006;B25014_007;B25014_011;B25014_012;B25014_013;B25014_001;B17001_002;B17001_001;B23001_008;B23001_015;B23001_022;B23001_029;B23001_036;B23001_043;B23001_050;B23001_057;B23001_064;B23001_071;B23001_094;B23001_101;B23001_108;B23001_115;B23001_122;B23001_129;B23001_136;B23001_143;B23001_150;B23001_157;B23001_007;B23001_014;B23001_021;B23001_028;B23001_035;B23001_042;B23001_049;B23001_056;B23001_063;B23001_070;B23001_093;B23001_100;B23001_107;B23001_114;B23001_121;B23001_128;B23001_135;B23001_142;B23001_149;B23001_156,2026-08-19 00:54:40.727597,16836
2010/acs5/tract,state=45; vars=B19013_001;B15002_003;B15002_004;B15002_005;B15002_006;B15002_007;B15002_008;B15002_009;B15002_010;B15002_011;B15002_020;B15002_021;B15002_022;B15002_023;B15002_024;B15002_025;B15002_026;B15002_027;B15002_028;B15002_001;B25014_005;B25014_006;B25014_007;B25014_011;B25014_012;B25014_013;B25014_001;B17001_002;B17001_001;B23001_008;B23001_015;B23001_022;B23001_029;B23001_036;B23001_043;B23001_050;B23001_057;B23001_064;B23001_071;B23001_094;B23001_101;B23001_108;B23001_115;B23001_122;B23001_129;B23001_136;B23001_143;B23001_150;B23001_157;B23001_007;B23001_014;B23001_021;B23001_028;B23001_035;B23001_042;B23001_049;B23001_056;B23001_063;B23001_070;B23001_093;B23001_100;B23001_107;B23001_114;B23001_121;B23001_128;B23001_135;B23001_142;B23001_149;B23001_156,2026-08-19 00:54:43.188806,76107
2010/acs5/tract,state=46; vars=B19013_001;B15002_003;B15002_004;B15002_005;B15002_006;B15002_007;B15002_008;B15002_009;B15002_010;B15002_011;B15002_020;B15002_021;B15002_022;B15002_023;B15002_024;B15002_025;B15002_026;B15002_027;B15002_028;B15002_001;B25014_005;B25014_006;B25014_007;B25014_011;B25014_012;B25014_013;B25014_001;B17001_002;B17001_001;B23001_008;B23001_015;B23001_022;B23001_029;B23001_036;B23001_043;B23001_050;B23001_057;B23001_064;B23001_071;B23001_094;B23001_101;B23001_108;B23001_115;B23001_122;B23001_129;B23001_136;B23001_143;B23001_150;B23001_157;B23001_007;B23001_014;B23001_021;B23001_028;B23001_035;B23001_042;B23001_049;B23001_056;B23001_063;B23001_070;B23001_093;B23001_100;B23001_107;B23001_114;B23001_121;B23001_128;B23001_135;B23001_142;B23001_149;B23001_156,2026-08-19 00:54:44.710008,15318
2010/acs5/tract,state=47; vars=B19013_001;B15002_003;B15002_004;B15002_005;B15002_006;B15002_007;B15002_008;B15002_009;B15002_010;B15002_011;B15002_020;B15002_021;B15002_022;B15002_023;B15002_024;B15002_025;B15002_026;B15002_027;B15002_028;B15002_001;B25014_005;B25014_006;B25014_007;B25014_011;B25014_012;B25014_013;B25014_001;B17001_002;B17001_001;B23001_008;B23001_015;B23001_022;B23001_029;B23001_036;B23001_043;B23001_050;B23001_057;B23001_064;B23001_071;B23001_094;B23001_101;B23001_108;B23001_115;B23001_122;B23001_129;B23001_136;B23001_143;B23001_150;B23001_157;B23001_007;B23001_014;B23001_021;B23001_028;B23001_035;B23001_042;B23001_049;B23001_056;B23001_063;B23001_070;B23001_093;B23001_100;B23001_107;B23001_114;B23001_121;B23001_128;B23001_135;B23001_142;B23001_149;B23001_156,2026-08-19 00:54:47.579153,103293
2010/acs5/tract,state=48; vars=B19013_001;B15002_003;B15002_004;B15002_005;B15002_006;B15002_007;B15002_008;B15002_009;B15002_010;B15002_011;B15002_020;B15002_021;B15002_022;B15002_023;B15002_024;B15002_025;B15002_026;B15002_027;B15002_028;B15002_001;B25014_005;B25014_006;B25014_007;B25014_011;B25014_012;B25014_013;B25014_001;B17001_002;B17001_001;B23001_008;B23001_015;B23001_022;B23001_029;B23001_036;B23001_043;B23001_050;B23001_057;B23001_064;B23001_071;B23001_094;B23001_101;B23001_108;B23001_115;B23001_122;B23001_129;B23001_136;B23001_143;B23001_150;B23001_157;B23001_007;B23001_014;B23001_021;B23001_028;B23001_035;B23001_042;B23001_049;B23001_056;B23001_063;B23001_070;B23001_093;B23001_100;B23001_107;B23001_114;B23001_121;B23001_128;B23001_135;B23001_142;B23001_149;B23001_156,2026-08-19 00:54:53.733304,363285
2010/acs5/tract,state=49; vars=B19013_001;B15002_003;B15002_004;B15002_005;B15002_006;B15002_007;B15002_008;B15002_009;B15002_010;B15002_011;B15002_020;B15002_021;B15002_022;B15002_023;B15002_024;B15002_025;B15002_026;B15002_027;B15002_028;B15002_001;B25014_005;B25014_006;B25014_007;B25014_011;B25014_012;B25014_013;B25014_001;B17001_002;B17001_001;B23001_008;B23001_015;B23001_022;B23001_029;B23001_036;B23001_043;B23001_050;B23001_057;B23001_064;B23001_071;B23001_094;B23001_101;B23001_108;B23001_115;B23001_122;B23001_129;B23001_136;B23001_143;B23001_150;B23001_157;B23001_007;B23001_014;B23001_021;B23001_028;B23001_035;B23001_042;B23001_049;B23001_056;B23001_063;B23001_070;B23001_093;B23001_100;B23001_107;B23001_114;B23001_121;B23001_128;B23001_135;B23001_142;B23001_149;B23001_156,2026-08-19 00:54:55.508104,40572
2010/acs5/tract,state=50; vars=B19013_001;B15002_003;B15002_004;B15002_005;B15002_006;B15002_007;B15002_008;B15002_009;B15002_010;B15002_011;B15002_020;B15002_021;B15002_022;B15002_023;B15002_024;B15002_025;B15002_026;B15002_027;B15002_028;B15002_001;B25014_005;B25014_006;B25014_007;B25014_011;B25014_012;B25014_013;B25014_001;B17001_002;B17001_001;B23001_008;B23001_015;B23001_022;B23001_029;B23001_036;B23001_043;B23001_050;B23001_057;B23001_064;B23001_071;B23001_094;B23001_101;B23001_108;B23001_115;B23001_122;B23001_129;B23001_136;B23001_143;B23001_150;B23001_157;B23001_007;B23001_014;B23001_021;B23001_028;B23001_035;B23001_042;B23001_049;B23001_056;B23001_063;B23001_070;B23001_093;B23001_100;B23001_107;B23001_114;B23001_121;B23001_128;B23001_135;B23001_142;B23001_149;B23001_156,2026-08-19 00:54:57.057895,12696
2010/acs5/tract,state=51; vars=B19013_001;B15002_003;B15002_004;B15002_005;B15002_006;B15002_007;B15002_008;B15002_009;B15002_010;B15002_011;B15002_020;B15002_021;B15002_022;B15002_023;B15002_024;B15002_025;B15002_026;B15002_027;B15002_028;B15002_001;B25014_005;B25014_006;B25014_007;B25014_011;B25014_012;B25014_013;B25014_001;B17001_002;B17001_001;B23001_008;B23001_015;B23001_022;B23001_029;B23001_036;B23001_043;B23001_050;B23001_057;B23001_064;B23001_071;B23001_094;B23001_101;B23001_108;B23001_115;B23001_122;B23001_129;B23001_136;B23001_143;B23001_150;B23001_157;B23001_007;B23001_014;B23001_021;B23001_028;B23001_035;B23001_042;B23001_049;B23001_056;B23001_063;B23001_070;B23001_093;B23001_100;B23001_107;B23001_114;B23001_121;B23001_128;B23001_135;B23001_142;B23001_149;B23001_156,2026-08-19 00:55:00.365095,131583
2010/acs5/tract,state=53; vars=B19013_001;B15002_003;B15002_004;B15002_005;B15002_006;B15002_007;B15002_008;B15002_009;B15002_010;B15002_011;B15002_020;B15002_021;B15002_022;B15002_023;B15002_024;B15002_025;B15002_026;B15002_027;B15002_028;B15002_001;B25014_005;B25014_006;B25014_007;B25014_011;B25014_012;B25014_013;B25014_001;B17001_002;B17001_001;B23001_008;B23001_015;B23001_022;B23001_029;B23001_036;B23001_043;B23001_050;B23001_057;B23001_064;B23001_071;B23001_094;B23001_101;B23001_108;B23001_115;B23001_122;B23001_129;B23001_136;B23001_143;B23001_150;B23001_157;B23001_007;B23001_014;B23001_021;B23001_028;B23001_035;B23001_042;B23001_049;B23001_056;B23001_063;B23001_070;B23001_093;B23001_100;B23001_107;B23001_114;B23001_121;B23001_128;B23001_135;B23001_142;B23001_149;B23001_156,2026-08-19 00:55:03.193694,100602
2010/acs5/tract,state=54; vars=B19013_001;B15002_003;B15002_004;B15002_005;B15002_006;B15002_007;B15002_008;B15002_009;B15002_010;B15002_011;B15002_020;B15002_021;B15002_022;B15002_023;B15002_024;B15002_025;B15002_026;B15002_027;B15002_028;B15002_001;B25014_005;B25014_006;B25014_007;B25014_011;B25014_012;B25014_013;B25014_001;B17001_002;B17001_001;B23001_008;B23001_015;B23001_022;B23001_029;B23001_036;B23001_043;B23001_050;B23001_057;B23001_064;B23001_071;B23001_094;B23001_101;B23001_108;B23001_115;B23001_122;B23001_129;B23001_136;B23001_143;B23001_150;B23001_157;B23001_007;B23001_014;B23001_021;B23001_028;B23001_035;B23001_042;B23001_049;B23001_056;B23001_063;B23001_070;B23001_093;B23001_100;B23001_107;B23001_114;B23001_121;B23001_128;B23001_135;B23001_142;B23001_149;B23001_156,2026-08-19 00:55:05.013208,33396
2010/acs5/tract,state=55; vars=B19013_001;B15002_003;B15002_004;B15002_005;B15002_006;B15002_007;B15002_008;B15002_009;B15002_010;B15002_011;B15002_020;B15002_021;B15002_022;B15002_023;B15002_024;B15002_025;B15002_026;B15002_027;B15002_028;B15002_001;B25014_005;B25014_006;B25014_007;B25014_011;B25014_012;B25014_013;B25014_001;B17001_002;B17001_001;B23001_008;B23001_015;B23001_022;B23001_029;B23001_036;B23001_043;B23001_050;B23001_057;B23001_064;B23001_071;B23001_094;B23001_101;B23001_108;B23001_115;B23001_122;B23001_129;B23001_136;B23001_143;B23001_150;B23001_157;B23001_007;B23001_014;B23001_021;B23001_028;B23001_035;B23001_042;B23001_049;B23001_056;B23001_063;B23001_070;B23001_093;B23001_100;B23001_107;B23001_114;B23001_121;B23001_128;B23001_135;B23001_142;B23001_149;B23001_156,2026-08-19 00:55:07.787765,97221
2010/acs5/tract,state=56; vars=B19013_001;B15002_003;B15002_004;B15002_005;B15002_006;B15002_007;B15002_008;B15002_009;B15002_010;B15002_011;B15002_020;B15002_021;B15002_022;B15002_023;B15002_024;B15002_025;B15002_026;B15002_027;B15002_028;B15002_001;B25014_005;B25014_006;B25014_007;B25014_011;B25014_012;B25014_013;B25014_001;B17001_002;B17001_001;B23001_008;B23001_015;B23001_022;B23001_029;B23001_036;B23001_043;B23001_050;B23001_057;B23001_064;B23001_071;B23001_094;B23001_101;B23001_108;B23001_115;B23001_122;B23001_129;B23001_136;B23001_143;B23001_150;B23001_157;B23001_007;B23001_014;B23001_021;B23001_028;B23001_035;B23001_042;B23001_049;B23001_056;B23001_063;B23001_070;B23001_093;B23001_100;B23001_107;B23001_114;B23001_121;B23001_128;B23001_135;B23001_142;B23001_149;B23001_156,2026-08-19 00:55:09.370089,9108
2020/acs5/state,B19013_001;B15003_002;B15003_003;B15003_004;B15003_005;B15003_006;B15003_007;B15003_008;B15003_009;B15003_010;B15003_011;B15003_012;B15003_013;B15003_014;B15003_015;B15003_016;B15003_017;B15003_018;B15003_001;B25014_005;B25014_006;B25014_007;B25014_011;B25014_012;B25014_013;B25014_001;B17001_002;B17001_001;B23025_005;B23025_003,2026-08-19 00:55:11.37388,1470
2020/acs5/county,B19013_001;B15003_002;B15003_003;B15003_004;B15003_005;B15003_006;B15003_007;B15003_008;B15003_009;B15003_010;B15003_011;B15003_012;B15003_013;B15003_014;B15003_015;B15003_016;B15003_017;B15003_018;B15003_001;B25014_005;B25014_006;B25014_007;B25014_011;B25014_012;B25014_013;B25014_001;B17001_002;B17001_001;B23025_005;B23025_003,2026-08-19 00:55:14.344004,93240
2020/acs5/tract,state=01; vars=B19013_001;B15003_002;B15003_003;B15003_004;B15003_005;B15003_006;B15003_007;B15003_008;B15003_009;B15003_010;B15003_011;B15003_012;B15003_013;B15003_014;B15003_015;B15003_016;B15003_017;B15003_018;B15003_001;B25014_005;B25014_006;B25014_007;B25014_011;B25014_012;B25014_013;B25014_001;B17001_002;B17001_001;B23025_005;B23025_003,2026-08-19 00:55:16.658561,43110
2020/acs5/tract,state=04; vars=B19013_001;B15003_002;B15003_003;B15003_004;B15003_005;B15003_006;B15003_007;B15003_008;B15003_009;B15003_010;B15003_011;B15003_012;B15003_013;B15003_014;B15003_015;B15003_016;B15003_017;B15003_018;B15003_001;B25014_005;B25014_006;B25014_007;B25014_011;B25014_012;B25014_013;B25014_001;B17001_002;B17001_001;B23025_005;B23025_003,2026-08-19 00:55:18.574607,52950
2020/acs5/tract,state=05; vars=B19013_001;B15003_002;B15003_003;B15003_004;B15003_005;B15003_006;B15003_007;B15003_008;B15003_009;B15003_010;B15003_011;B15003_012;B15003_013;B15003_014;B15003_015;B15003_016;B15003_017;B15003_018;B15003_001;B25014_005;B25014_006;B25014_007;B25014_011;B25014_012;B25014_013;B25014_001;B17001_002;B17001_001;B23025_005;B23025_003,2026-08-19 00:55:20.21093,24690
2020/acs5/tract,state=06; vars=B19013_001;B15003_002;B15003_003;B15003_004;B15003_005;B15003_006;B15003_007;B15003_008;B15003_009;B15003_010;B15003_011;B15003_012;B15003_013;B15003_014;B15003_015;B15003_016;B15003_017;B15003_018;B15003_001;B25014_005;B25014_006;B25014_007;B25014_011;B25014_012;B25014_013;B25014_001;B17001_002;B17001_001;B23025_005;B23025_003,2026-08-19 00:55:27.401621,273870
2020/acs5/tract,state=08; vars=B19013_001;B15003_002;B15003_003;B15003_004;B15003_005;B15003_006;B15003_007;B15003_008;B15003_009;B15003_010;B15003_011;B15003_012;B15003_013;B15003_014;B15003_015;B15003_016;B15003_017;B15003_018;B15003_001;B25014_005;B25014_006;B25014_007;B25014_011;B25014_012;B25014_013;B25014_001;B17001_002;B17001_001;B23025_005;B23025_003,2026-08-19 00:55:29.259441,43410
2020/acs5/tract,state=09; vars=B19013_001;B15003_002;B15003_003;B15003_004;B15003_005;B15003_006;B15003_007;B15003_008;B15003_009;B15003_010;B15003_011;B15003_012;B15003_013;B15003_014;B15003_015;B15003_016;B15003_017;B15003_018;B15003_001;B25014_005;B25014_006;B25014_007;B25014_011;B25014_012;B25014_013;B25014_001;B17001_002;B17001_001;B23025_005;B23025_003,2026-08-19 00:55:30.717904,26490
2020/acs5/tract,state=10; vars=B19013_001;B15003_002;B15003_003;B15003_004;B15003_005;B15003_006;B15003_007;B15003_008;B15003_009;B15003_010;B15003_011;B15003_012;B15003_013;B15003_014;B15003_015;B15003_016;B15003_017;B15003_018;B15003_001;B25014_005;B25014_006;B25014_007;B25014_011;B25014_012;B25014_013;B25014_001;B17001_002;B17001_001;B23025_005;B23025_003,2026-08-19 00:55:32.003881,7860
2020/acs5/tract,state=11; vars=B19013_001;B15003_002;B15003_003;B15003_004;B15003_005;B15003_006;B15003_007;B15003_008;B15003_009;B15003_010;B15003_011;B15003_012;B15003_013;B15003_014;B15003_015;B15003_016;B15003_017;B15003_018;B15003_001;B25014_005;B25014_006;B25014_007;B25014_011;B25014_012;B25014_013;B25014_001;B17001_002;B17001_001;B23025_005;B23025_003,2026-08-19 00:55:33.149844,6180
2020/acs5/tract,state=12; vars=B19013_001;B15003_002;B15003_003;B15003_004;B15003_005;B15003_006;B15003_007;B15003_008;B15003_009;B15003_010;B15003_011;B15003_012;B15003_013;B15003_014;B15003_015;B15003_016;B15003_017;B15003_018;B15003_001;B25014_005;B25014_006;B25014_007;B25014_011;B25014_012;B25014_013;B25014_001;B17001_002;B17001_001;B23025_005;B23025_003,2026-08-19 00:55:36.867705,154800
2020/acs5/tract,state=13; vars=B19013_001;B15003_002;B15003_003;B15003_004;B15003_005;B15003_006;B15003_007;B15003_008;B15003_009;B15003_010;B15003_011;B15003_012;B15003_013;B15003_014;B15003_015;B15003_016;B15003_017;B15003_018;B15003_001;B25014_005;B25014_006;B25014_007;B25014_011;B25014_012;B25014_013;B25014_001;B17001_002;B17001_001;B23025_005;B23025_003,2026-08-19 00:55:39.570053,83880
2020/acs5/tract,state=16; vars=B19013_001;B15003_002;B15003_003;B15003_004;B15003_005;B15003_006;B15003_007;B15003_008;B15003_009;B15003_010;B15003_011;B15003_012;B15003_013;B15003_014;B15003_015;B15003_016;B15003_017;B15003_018;B15003_001;B25014_005;B25014_006;B25014_007;B25014_011;B25014_012;B25014_013;B25014_001;B17001_002;B17001_001;B23025_005;B23025_003,2026-08-19 00:55:40.980779,13680
2020/acs5/tract,state=17; vars=B19013_001;B15003_002;B15003_003;B15003_004;B15003_005;B15003_006;B15003_007;B15003_008;B15003_009;B15003_010;B15003_011;B15003_012;B15003_013;B15003_014;B15003_015;B15003_016;B15003_017;B15003_018;B15003_001;B25014_005;B25014_006;B25014_007;B25014_011;B25014_012;B25014_013;B25014_001;B17001_002;B17001_001;B23025_005;B23025_003,2026-08-19 00:55:43.965,97950
2020/acs5/tract,state=18; vars=B19013_001;B15003_002;B15003_003;B15003_004;B15003_005;B15003_006;B15003_007;B15003_008;B15003_009;B15003_010;B15003_011;B15003_012;B15003_013;B15003_014;B15003_015;B15003_016;B15003_017;B15003_018;B15003_001;B25014_005;B25014_006;B25014_007;B25014_011;B25014_012;B25014_013;B25014_001;B17001_002;B17001_001;B23025_005;B23025_003,2026-08-19 00:55:45.911273,50880
2020/acs5/tract,state=19; vars=B19013_001;B15003_002;B15003_003;B15003_004;B15003_005;B15003_006;B15003_007;B15003_008;B15003_009;B15003_010;B15003_011;B15003_012;B15003_013;B15003_014;B15003_015;B15003_016;B15003_017;B15003_018;B15003_001;B25014_005;B25014_006;B25014_007;B25014_011;B25014_012;B25014_013;B25014_001;B17001_002;B17001_001;B23025_005;B23025_003,2026-08-19 00:55:47.394623,26880
2020/acs5/tract,state=20; vars=B19013_001;B15003_002;B15003_003;B15003_004;B15003_005;B15003_006;B15003_007;B15003_008;B15003_009;B15003_010;B15003_011;B15003_012;B15003_013;B15003_014;B15003_015;B15003_016;B15003_017;B15003_018;B15003_001;B25014_005;B25014_006;B25014_007;B25014_011;B25014_012;B25014_013;B25014_001;B17001_002;B17001_001;B23025_005;B23025_003,2026-08-19 00:55:48.908629,24870
2020/acs5/tract,state=21; vars=B19013_001;B15003_002;B15003_003;B15003_004;B15003_005;B15003_006;B15003_007;B15003_008;B15003_009;B15003_010;B15003_011;B15003_012;B15003_013;B15003_014;B15003_015;B15003_016;B15003_017;B15003_018;B15003_001;B25014_005;B25014_006;B25014_007;B25014_011;B25014_012;B25014_013;B25014_001;B17001_002;B17001_001;B23025_005;B23025_003,2026-08-19 00:55:50.733699,39180
2020/acs5/tract,state=22; vars=B19013_001;B15003_002;B15003_003;B15003_004;B15003_005;B15003_006;B15003_007;B15003_008;B15003_009;B15003_010;B15003_011;B15003_012;B15003_013;B15003_014;B15003_015;B15003_016;B15003_017;B15003_018;B15003_001;B25014_005;B25014_006;B25014_007;B25014_011;B25014_012;B25014_013;B25014_001;B17001_002;B17001_001;B23025_005;B23025_003,2026-08-19 00:55:52.578952,41640
2020/acs5/tract,state=23; vars=B19013_001;B15003_002;B15003_003;B15003_004;B15003_005;B15003_006;B15003_007;B15003_008;B15003_009;B15003_010;B15003_011;B15003_012;B15003_013;B15003_014;B15003_015;B15003_016;B15003_017;B15003_018;B15003_001;B25014_005;B25014_006;B25014_007;B25014_011;B25014_012;B25014_013;B25014_001;B17001_002;B17001_001;B23025_005;B23025_003,2026-08-19 00:55:53.873008,12210
2020/acs5/tract,state=24; vars=B19013_001;B15003_002;B15003_003;B15003_004;B15003_005;B15003_006;B15003_007;B15003_008;B15003_009;B15003_010;B15003_011;B15003_012;B15003_013;B15003_014;B15003_015;B15003_016;B15003_017;B15003_018;B15003_001;B25014_005;B25014_006;B25014_007;B25014_011;B25014_012;B25014_013;B25014_001;B17001_002;B17001_001;B23025_005;B23025_003,2026-08-19 00:55:55.860688,44250
2020/acs5/tract,state=25; vars=B19013_001;B15003_002;B15003_003;B15003_004;B15003_005;B15003_006;B15003_007;B15003_008;B15003_009;B15003_010;B15003_011;B15003_012;B15003_013;B15003_014;B15003_015;B15003_016;B15003_017;B15003_018;B15003_001;B25014_005;B25014_006;B25014_007;B25014_011;B25014_012;B25014_013;B25014_001;B17001_002;B17001_001;B23025_005;B23025_003,2026-08-19 00:55:57.631919,48600
2020/acs5/tract,state=26; vars=B19013_001;B15003_002;B15003_003;B15003_004;B15003_005;B15003_006;B15003_007;B15003_008;B15003_009;B15003_010;B15003_011;B15003_012;B15003_013;B15003_014;B15003_015;B15003_016;B15003_017;B15003_018;B15003_001;B25014_005;B25014_006;B25014_007;B25014_011;B25014_012;B25014_013;B25014_001;B17001_002;B17001_001;B23025_005;B23025_003,2026-08-19 00:56:00.256401,90510
2020/acs5/tract,state=27; vars=B19013_001;B15003_002;B15003_003;B15003_004;B15003_005;B15003_006;B15003_007;B15003_008;B15003_009;B15003_010;B15003_011;B15003_012;B15003_013;B15003_014;B15003_015;B15003_016;B15003_017;B15003_018;B15003_001;B25014_005;B25014_006;B25014_007;B25014_011;B25014_012;B25014_013;B25014_001;B17001_002;B17001_001;B23025_005;B23025_003,2026-08-19 00:56:02.13612,45150
2020/acs5/tract,state=28; vars=B19013_001;B15003_002;B15003_003;B15003_004;B15003_005;B15003_006;B15003_007;B15003_008;B15003_009;B15003_010;B15003_011;B15003_012;B15003_013;B15003_014;B15003_015;B15003_016;B15003_017;B15003_018;B15003_001;B25014_005;B25014_006;B25014_007;B25014_011;B25014_012;B25014_013;B25014_001;B17001_002;B17001_001;B23025_005;B23025_003,2026-08-19 00:56:03.692753,26340
2020/acs5/tract,state=29; vars=B19013_001;B15003_002;B15003_003;B15003_004;B15003_005;B15003_006;B15003_007;B15003_008;B15003_009;B15003_010;B15003_011;B15003_012;B15003_013;B15003_014;B15003_015;B15003_016;B15003_017;B15003_018;B15003_001;B25014_005;B25014_006;B25014_007;B25014_011;B25014_012;B25014_013;B25014_001;B17001_002;B17001_001;B23025_005;B23025_003,2026-08-19 00:56:06.00207,49620
2020/acs5/tract,state=30; vars=B19013_001;B15003_002;B15003_003;B15003_004;B15003_005;B15003_006;B15003_007;B15003_008;B15003_009;B15003_010;B15003_011;B15003_012;B15003_013;B15003_014;B15003_015;B15003_016;B15003_017;B15003_018;B15003_001;B25014_005;B25014_006;B25014_007;B25014_011;B25014_012;B25014_013;B25014_001;B17001_002;B17001_001;B23025_005;B23025_003,2026-08-19 00:56:07.246795,9570
2020/acs5/tract,state=31; vars=B19013_001;B15003_002;B15003_003;B15003_004;B15003_005;B15003_006;B15003_007;B15003_008;B15003_009;B15003_010;B15003_011;B15003_012;B15003_013;B15003_014;B15003_015;B15003_016;B15003_017;B15003_018;B15003_001;B25014_005;B25014_006;B25014_007;B25014_011;B25014_012;B25014_013;B25014_001;B17001_002;B17001_001;B23025_005;B23025_003,2026-08-19 00:56:08.747109,16590
2020/acs5/tract,state=32; vars=B19013_001;B15003_002;B15003_003;B15003_004;B15003_005;B15003_006;B15003_007;B15003_008;B15003_009;B15003_010;B15003_011;B15003_012;B15003_013;B15003_014;B15003_015;B15003_016;B15003_017;B15003_018;B15003_001;B25014_005;B25014_006;B25014_007;B25014_011;B25014_012;B25014_013;B25014_001;B17001_002;B17001_001;B23025_005;B23025_003,2026-08-19 00:56:10.345333,23370
2020/acs5/tract,state=33; vars=B19013_001;B15003_002;B15003_003;B15003_004;B15003_005;B15003_006;B15003_007;B15003_008;B15003_009;B15003_010;B15003_011;B15003_012;B15003_013;B15003_014;B15003_015;B15003_016;B15003_017;B15003_018;B15003_001;B25014_005;B25014_006;B25014_007;B25014_011;B25014_012;B25014_013;B25014_001;B17001_002;B17001_001;B23025_005;B23025_003,2026-08-19 00:56:11.854365,10500
2020/acs5/tract,state=34; vars=B19013_001;B15003_002;B15003_003;B15003_004;B15003_005;B15003_006;B15003_007;B15003_008;B15003_009;B15003_010;B15003_011;B15003_012;B15003_013;B15003_014;B15003_015;B15003_016;B15003_017;B15003_018;B15003_001;B25014_005;B25014_006;B25014_007;B25014_011;B25014_012;B25014_013;B25014_001;B17001_002;B17001_001;B23025_005;B23025_003,2026-08-19 00:56:14.678432,65430
2020/acs5/tract,state=35; vars=B19013_001;B15003_002;B15003_003;B15003_004;B15003_005;B15003_006;B15003_007;B15003_008;B15003_009;B15003_010;B15003_011;B15003_012;B15003_013;B15003_014;B15003_015;B15003_016;B15003_017;B15003_018;B15003_001;B25014_005;B25014_006;B25014_007;B25014_011;B25014_012;B25014_013;B25014_001;B17001_002;B17001_001;B23025_005;B23025_003,2026-08-19 00:56:16.109569,18360
2020/acs5/tract,state=36; vars=B19013_001;B15003_002;B15003_003;B15003_004;B15003_005;B15003_006;B15003_007;B15003_008;B15003_009;B15003_010;B15003_011;B15003_012;B15003_013;B15003_014;B15003_015;B15003_016;B15003_017;B15003_018;B15003_001;B25014_005;B25014_006;B25014_007;B25014_011;B25014_012;B25014_013;B25014_001;B17001_002;B17001_001;B23025_005;B23025_003,2026-08-19 00:56:19.917921,162330
2020/acs5/tract,state=37; vars=B19013_001;B15003_002;B15003_003;B15003_004;B15003_005;B15003_006;B15003_007;B15003_008;B15003_009;B15003_010;B15003_011;B15003_012;B15003_013;B15003_014;B15003_015;B15003_016;B15003_017;B15003_018;B15003_001;B25014_005;B25014_006;B25014_007;B25014_011;B25014_012;B25014_013;B25014_001;B17001_002;B17001_001;B23025_005;B23025_003,2026-08-19 00:56:22.393778,80160
2020/acs5/tract,state=38; vars=B19013_001;B15003_002;B15003_003;B15003_004;B15003_005;B15003_006;B15003_007;B15003_008;B15003_009;B15003_010;B15003_011;B15003_012;B15003_013;B15003_014;B15003_015;B15003_016;B15003_017;B15003_018;B15003_001;B25014_005;B25014_006;B25014_007;B25014_011;B25014_012;B25014_013;B25014_001;B17001_002;B17001_001;B23025_005;B23025_003,2026-08-19 00:56:23.576461,6840
2020/acs5/tract,state=39; vars=B19013_001;B15003_002;B15003_003;B15003_004;B15003_005;B15003_006;B15003_007;B15003_008;B15003_009;B15003_010;B15003_011;B15003_012;B15003_013;B15003_014;B15003_015;B15003_016;B15003_017;B15003_018;B15003_001;B25014_005;B25014_006;B25014_007;B25014_011;B25014_012;B25014_013;B25014_001;B17001_002;B17001_001;B23025_005;B23025_003,2026-08-19 00:56:26.103892,95040
2020/acs5/tract,state=40; vars=B19013_001;B15003_002;B15003_003;B15003_004;B15003_005;B15003_006;B15003_007;B15003_008;B15003_009;B15003_010;B15003_011;B15003_012;B15003_013;B15003_014;B15003_015;B15003_016;B15003_017;B15003_018;B15003_001;B25014_005;B25014_006;B25014_007;B25014_011;B25014_012;B25014_013;B25014_001;B17001_002;B17001_001;B23025_005;B23025_003,2026-08-19 00:56:27.800555,36150
2020/acs5/tract,state=41; vars=B19013_001;B15003_002;B15003_003;B15003_004;B15003_005;B15003_006;B15003_007;B15003_008;B15003_009;B15003_010;B15003_011;B15003_012;B15003_013;B15003_014;B15003_015;B15003_016;B15003_017;B15003_018;B15003_001;B25014_005;B25014_006;B25014_007;B25014_011;B25014_012;B25014_013;B25014_001;B17001_002;B17001_001;B23025_005;B23025_003,2026-08-19 00:56:29.356014,30030
2020/acs5/tract,state=42; vars=B19013_001;B15003_002;B15003_003;B15003_004;B15003_005;B15003_006;B15003_007;B15003_008;B15003_009;B15003_010;B15003_011;B15003_012;B15003_013;B15003_014;B15003_015;B15003_016;B15003_017;B15003_018;B15003_001;B25014_005;B25014_006;B25014_007;B25014_011;B25014_012;B25014_013;B25014_001;B17001_002;B17001_001;B23025_005;B23025_003,2026-08-19 00:56:32.273242,103380
2020/acs5/tract,state=44; vars=B19013_001;B15003_002;B15003_003;B15003_004;B15003_005;B15003_006;B15003_007;B15003_008;B15003_009;B15003_010;B15003_011;B15003_012;B15003_013;B15003_014;B15003_015;B15003_016;B15003_017;B15003_018;B15003_001;B25014_005;B25014_006;B25014_007;B25014_011;B25014_012;B25014_013;B25014_001;B17001_002;B17001_001;B23025_005;B23025_003,2026-08-19 00:56:33.560796,7500
2020/acs5/tract,state=45; vars=B19013_001;B15003_002;B15003_003;B15003_004;B15003_005;B15003_006;B15003_007;B15003_008;B15003_009;B15003_010;B15003_011;B15003_012;B15003_013;B15003_014;B15003_015;B15003_016;B15003_017;B15003_018;B15003_001;B25014_005;B25014_006;B25014_007;B25014_011;B25014_012;B25014_013;B25014_001;B17001_002;B17001_001;B23025_005;B23025_003,2026-08-19 00:56:35.347881,39690
2020/acs5/tract,state=46; vars=B19013_001;B15003_002;B15003_003;B15003_004;B15003_005;B15003_006;B15003_007;B15003_008;B15003_009;B15003_010;B15003_011;B15003_012;B15003_013;B15003_014;B15003_015;B15003_016;B15003_017;B15003_018;B15003_001;B25014_005;B25014_006;B25014_007;B25014_011;B25014_012;B25014_013;B25014_001;B17001_002;B17001_001;B23025_005;B23025_003,2026-08-19 00:56:36.563638,7260
2020/acs5/tract,state=47; vars=B19013_001;B15003_002;B15003_003;B15003_004;B15003_005;B15003_006;B15003_007;B15003_008;B15003_009;B15003_010;B15003_011;B15003_012;B15003_013;B15003_014;B15003_015;B15003_016;B15003_017;B15003_018;B15003_001;B25014_005;B25014_006;B25014_007;B25014_011;B25014_012;B25014_013;B25014_001;B17001_002;B17001_001;B23025_005;B23025_003,2026-08-19 00:56:38.760923,51030
2020/acs5/tract,state=48; vars=B19013_001;B15003_002;B15003_003;B15003_004;B15003_005;B15003_006;B15003_007;B15003_008;B15003_009;B15003_010;B15003_011;B15003_012;B15003_013;B15003_014;B15003_015;B15003_016;B15003_017;B15003_018;B15003_001;B25014_005;B25014_006;B25014_007;B25014_011;B25014_012;B25014_013;B25014_001;B17001_002;B17001_001;B23025_005;B23025_003,2026-08-19 00:56:43.71059,206880
2020/acs5/tract,state=49; vars=B19013_001;B15003_002;B15003_003;B15003_004;B15003_005;B15003_006;B15003_007;B15003_008;B15003_009;B15003_010;B15003_011;B15003_012;B15003_013;B15003_014;B15003_015;B15003_016;B15003_017;B15003_018;B15003_001;B25014_005;B25014_006;B25014_007;B25014_011;B25014_012;B25014_013;B25014_001;B17001_002;B17001_001;B23025_005;B23025_003,2026-08-19 00:56:45.131324,21480
2020/acs5/tract,state=50; vars=B19013_001;B15003_002;B15003_003;B15003_004;B15003_005;B15003_006;B15003_007;B15003_008;B15003_009;B15003_010;B15003_011;B15003_012;B15003_013;B15003_014;B15003_015;B15003_016;B15003_017;B15003_018;B15003_001;B25014_005;B25014_006;B25014_007;B25014_011;B25014_012;B25014_013;B25014_001;B17001_002;B17001_001;B23025_005;B23025_003,2026-08-19 00:56:46.462185,5790
2020/acs5/tract,state=51; vars=B19013_001;B15003_002;B15003_003;B15003_004;B15003_005;B15003_006;B15003_007;B15003_008;B15003_009;B15003_010;B15003_011;B15003_012;B15003_013;B15003_014;B15003_015;B15003_016;B15003_017;B15003_018;B15003_001;B25014_005;B25014_006;B25014_007;B25014_011;B25014_012;B25014_013;B25014_001;B17001_002;B17001_001;B23025_005;B23025_003,2026-08-19 00:56:48.577675,65940
2020/acs5/tract,state=53; vars=B19013_001;B15003_002;B15003_003;B15003_004;B15003_005;B15003_006;B15003_007;B15003_008;B15003_009;B15003_010;B15003_011;B15003_012;B15003_013;B15003_014;B15003_015;B15003_016;B15003_017;B15003_018;B15003_001;B25014_005;B25014_006;B25014_007;B25014_011;B25014_012;B25014_013;B25014_001;B17001_002;B17001_001;B23025_005;B23025_003,2026-08-19 00:56:50.616502,53520
2020/acs5/tract,state=54; vars=B19013_001;B15003_002;B15003_003;B15003_004;B15003_005;B15003_006;B15003_007;B15003_008;B15003_009;B15003_010;B15003_011;B15003_012;B15003_013;B15003_014;B15003_015;B15003_016;B15003_017;B15003_018;B15003_001;B25014_005;B25014_006;B25014_007;B25014_011;B25014_012;B25014_013;B25014_001;B17001_002;B17001_001;B23025_005;B23025_003,2026-08-19 00:56:51.971871,16380
2020/acs5/tract,state=55; vars=B19013_001;B15003_002;B15003_003;B15003_004;B15003_005;B15003_006;B15003_007;B15003_008;B15003_009;B15003_010;B15003_011;B15003_012;B15003_013;B15003_014;B15003_015;B15003_016;B15003_017;B15003_018;B15003_001;B25014_005;B25014_006;B25014_007;B25014_011;B25014_012;B25014_013;B25014_001;B17001_002;B17001_001;B23025_005;B23025_003,2026-08-19 00:56:53.769283,46260
2020/acs5/tract,state=56; vars=B19013_001;B15003_002;B15003_003;B15003_004;B15003_005;B15003_006;B15003_007;B15003_008;B15003_009;B15003_010;B15003_011;B15003_012;B15003_013;B15003_014;B15003_015;B15003_016;B15003_017;B15003_018;B15003_001;B25014_005;B25014_006;B25014_007;B25014_011;B25014_012;B25014_013;B25014_001;B17001_002;B17001_001;B23025_005;B23025_003,2026-08-19 00:56:54.871178,4800
zcta/acs5/bucket=2010/vintage=2011,vars=B19013_001;B17001_002;B17001_001;B15002_003;B15002_004;B15002_005;B15002_006;B15002_007;B15002_008;B15002_009;B15002_010;B15002_011;B15002_020;B15002_021;B15002_022;B15002_023;B15002_024;B15002_025;B15002_026;B15002_027;B15002_028;B15002_001;B23025_005;B23025_003;B25014_005;B25014_006;B25014_007;B25014_011;B25014_012;B25014_013;B25014_001,2026-08-19 00:57:13.147246,1012274
zcta/acs5/bucket=2020/vintage=2020,vars=B19013_001;B17001_002;B17001_001;B15003_002;B15003_003;B15003_004;B15003_005;B15003_006;B15003_007;B15003_008;B15003_009;B15003_010;B15003_011;B15003_012;B15003_013;B15003_014;B15003_015;B15003_016;B15003_017;B15003_018;B15003_001;B23025_005;B23025_003;B25014_005;B25014_006;B25014_007;B25014_011;B25014_012;B25014_013;B25014_001,2026-08-19 00:57:32.274635,973830
block group/acs5/bucket=2010/vintage=2013,vars=B19013_001;B15002_003;B15002_004;B15002_005;B15002_006;B15002_007;B15002_008;B15002_009;B15002_010;B15002_011;B15002_020;B15002_021;B15002_022;B15002_023;B15002_024;B15002_025;B15002_026;B15002_027;B15002_028;B15002_001;B23025_005;B23025_003;B25014_005;B25014_006;B25014_007;B25014_011;B25014_012;B25014_013;B25014_001,2026-08-19 01:00:30.749905,6273570
block group/acs5/bucket=2020/vintage=2020,vars=B19013_001;B15003_002;B15003_003;B15003_004;B15003_005;B15003_006;B15003_007;B15003_008;B15003_009;B15003_010;B15003_011;B15003_012;B15003_013;B15003_014;B15003_015;B15003_016;B15003_017;B15003_018;B15003_001;B23025_005;B23025_003;B25014_005;B25014_006;B25014_007;B25014_011;B25014_012;B25014_013;B25014_001,2026-08-19 01:03:44.722772,6669404
